Trial,1,Sim Type,6,Distance Weight,0.8,Random Seed,15,Min Iterations,1000,Distance cost,N/A,Manip Cost,N/A,Total cost,N/A,Object Reduction,0.02,Contact Sample Chance,0.0,Parent finding radius R,0.125,Step Size,0.05,Goal Area Sample Probability,0.2,Goal Area Delta,0.2
Trial,2,Sim Type,6,Distance Weight,0.8,Random Seed,30,Min Iterations,1000,Distance cost,0.4047630405989708,Manip Cost,0.12811051462567516,Total cost,0.3225934779121317,Object Reduction,0.02,Contact Sample Chance,0.0,Parent finding radius R,0.125,Step Size,0.05,Goal Area Sample Probability,0.2,Goal Area Delta,0.2
Manipulability,1.0,0.017893844975991245,0.03930695137757044,0.017920412488632666,0.05093539343882062,0.03205002874604703
Distance to Last Node,0.0,0.093,0.091,0.107,0.122,0.114
Total Cost,0.0,0.05421,0.12292,0.19287,0.25447,0.32259
Joint 0: ,0.0,-0.513,-0.585,-0.687,-0.791,-0.667
Joint 1: ,-0.7,-0.215,-0.446,-0.13,0.097,0.326
Joint 2: ,0.0,0.431,0.402,0.562,0.596,0.408
Joint 3: ,1.5,1.501,1.755,1.674,1.618,1.443
Joint 4: ,0.0,-0.421,-0.492,-0.882,-0.767,-0.849
Joint 5: ,1.5,2.378,1.38,1.424,1.194,1.05
Joint 6: ,0.0,-1.276,-2.596,-2.565,-2.723,-2.786
Trial,3,Sim Type,6,Distance Weight,0.8,Random Seed,45,Min Iterations,1000,Distance cost,0.4668781061049798,Manip Cost,0.3547214247779299,Total cost,0.3600406224497146,Object Reduction,0.02,Contact Sample Chance,0.0,Parent finding radius R,0.125,Step Size,0.05,Goal Area Sample Probability,0.2,Goal Area Delta,0.2
Manipulability,1.0,0.04214648257129652,0.0506362645857126,6.43400070905345e-06,5.6619386639687e-06,7.417169618586e-06,8.1077629503153e-06,8.96349754278719e-06
Distance to Last Node,0.0,0.05,0.097,0.094,0.096,0.099,0.102,0.068
Total Cost,0.0,0.02924,0.09403,0.16488,0.23379,0.29855,0.3536,0.36004
Joint 0: ,0.0,0.314,0.212,0.043,0.088,0.001,0.21,0.158
Joint 1: ,-0.7,-0.354,0.093,0.342,0.29,0.478,0.366,0.384
Joint 2: ,0.0,-0.244,-0.54,-0.636,-0.656,-0.528,-0.775,-0.832
Joint 3: ,1.5,1.378,1.232,1.456,1.476,1.366,1.467,1.461
Joint 4: ,0.0,-0.007,-0.321,-0.18,-0.227,-0.164,0.03,-0.143
Joint 5: ,1.5,1.176,0.603,0.779,0.827,0.655,0.813,0.791
Joint 6: ,0.0,-0.314,-0.88,-1.115,-1.288,-1.414,-1.854,-1.901
Trial,4,Sim Type,6,Distance Weight,0.8,Random Seed,60,Min Iterations,1000,Distance cost,0.4468545369211182,Manip Cost,0.11496071225507999,Total cost,0.3451626773365639,Object Reduction,0.02,Contact Sample Chance,0.0,Parent finding radius R,0.125,Step Size,0.05,Goal Area Sample Probability,0.2,Goal Area Delta,0.2
Manipulability,1.0,0.04195952240041345,0.04559053862033299,0.05015804755797226,0.05168061394973124,0.05532647888375293,0.03269215611125372
Distance to Last Node,0.0,0.102,0.078,0.125,0.06,0.093,0.123
Total Cost,0.0,0.0594,0.11441,0.18697,0.22736,0.28654,0.34516
Joint 0: ,0.0,-0.152,-0.175,0.295,0.201,0.079,-0.107
Joint 1: ,-0.7,-0.492,-0.374,-0.094,-0.003,0.16,0.387
Joint 2: ,0.0,0.01,-0.04,-0.456,-0.516,-0.616,-0.606
Joint 3: ,1.5,1.468,1.586,1.555,1.463,1.4,1.325
Joint 4: ,0.0,0.11,0.016,0.054,0.054,0.015,0.09
Joint 5: ,1.5,1.41,1.316,1.33,1.238,1.171,1.032
Joint 6: ,0.0,0.173,0.707,1.973,2.036,2.098,2.224
Trial,5,Sim Type,6,Distance Weight,0.8,Random Seed,75,Min Iterations,1000,Distance cost,0.5939757297743155,Manip Cost,0.5555555555555556,Total cost,0.5201597431820048,Object Reduction,0.02,Contact Sample Chance,0.0,Parent finding radius R,0.125,Step Size,0.05,Goal Area Sample Probability,0.2,Goal Area Delta,0.2
Manipulability,1.0,1.0,1.0,1.0,1.084054943e-11,0.0,0.0,0.0,0.0
Distance to Last Node,0.0,0.104,0.125,0.094,0.1,0.1,0.088,0.113,0.049
Total Cost,0.0,0.06093,0.13394,0.18898,0.24724,0.3283,0.3984,0.474,0.52016
Joint 0: ,0.0,0.719,1.342,1.58,1.703,1.829,1.834,1.906,1.977
Joint 1: ,-0.7,-0.929,-1.518,-1.696,-1.564,-1.47,-1.754,-1.566,-1.548
Joint 2: ,0.0,-0.389,-0.453,-1.11,-0.929,-0.74,-0.942,-0.698,-0.737
Joint 3: ,1.5,1.968,1.273,1.226,1.364,1.171,1.132,1.273,1.269
Joint 4: ,0.0,-0.229,-1.002,-0.808,-0.62,-0.727,-0.955,-0.739,-0.78
Joint 5: ,1.5,1.876,1.858,1.684,1.585,1.401,1.511,1.419,1.337
Joint 6: ,0.0,-1.272,-2.231,-2.959,-2.84,-2.862,-2.893,-2.753,-2.8
Trial,6,Sim Type,6,Distance Weight,0.8,Random Seed,90,Min Iterations,1000,Distance cost,0.5653175013928822,Manip Cost,0.06707422237557004,Total cost,0.43573566645575007,Object Reduction,0.02,Contact Sample Chance,0.0,Parent finding radius R,0.125,Step Size,0.05,Goal Area Sample Probability,0.2,Goal Area Delta,0.2
Manipulability,1.0,1.0,1.0,0.060031843923439486,1.0,1.0,0.02975014995758631,0.04698956425564129,0.06224725883189295,0.0375478670153944
Distance to Last Node,0.0,0.089,0.087,0.077,0.094,0.05,0.092,0.05,0.086,0.109
Total Cost,0.0,0.05225,0.10308,0.14797,0.20542,0.23226,0.28631,0.32045,0.37472,0.43574
Joint 0: ,0.0,0.445,1.296,1.518,1.185,1.29,1.705,1.396,1.487,1.655
Joint 1: ,-0.7,-0.822,-1.21,-1.156,-0.567,-0.634,-0.799,-0.719,-1.215,-1.095
Joint 2: ,0.0,-0.661,-1.409,-1.45,-1.993,-1.972,-1.688,-1.579,-1.387,-1.591
Joint 3: ,1.5,1.398,1.347,1.614,1.474,1.351,0.934,1.468,1.583,1.479
Joint 4: ,0.0,-0.801,-0.83,-0.189,-0.472,-0.535,0.117,-0.008,0.554,0.48
Joint 5: ,1.5,1.339,0.764,0.968,1.103,0.999,0.489,0.995,1.012,0.809
Joint 6: ,0.0,0.267,1.076,1.707,2.336,2.399,2.638,2.583,3.126,3.173
Trial,7,Sim Type,6,Distance Weight,0.8,Random Seed,105,Min Iterations,1000,Distance cost,0.41980932114175656,Manip Cost,0.11315167916283721,Total cost,0.32674927009147736,Object Reduction,0.02,Contact Sample Chance,0.0,Parent finding radius R,0.125,Step Size,0.05,Goal Area Sample Probability,0.2,Goal Area Delta,0.2
Manipulability,1.0,0.045122331848606596,0.04570841428887658,0.047678686752126886,0.05334026370867607,0.030983617083466718
Distance to Last Node,0.0,0.102,0.099,0.12,0.11,0.114
Total Cost,0.0,0.05966,0.12869,0.19702,0.26753,0.32675
Joint 0: ,0.0,-0.191,-0.444,0.353,0.135,-0.006
Joint 1: ,-0.7,-0.354,-0.373,-0.129,0.067,0.315
Joint 2: ,0.0,0.065,-0.002,-0.506,-0.577,-0.612
Joint 3: ,1.5,1.498,1.62,1.583,1.538,1.497
Joint 4: ,0.0,0.264,0.256,-0.219,-0.176,-0.16
Joint 5: ,1.5,1.293,1.156,0.988,0.871,0.73
Joint 6: ,0.0,0.377,0.88,1.004,0.988,1.067
Trial,8,Sim Type,6,Distance Weight,0.8,Random Seed,120,Min Iterations,1000,Distance cost,0.4722803560142066,Manip Cost,0.4200042445508077,Total cost,0.39822803119401423,Object Reduction,0.02,Contact Sample Chance,0.0,Parent finding radius R,0.125,Step Size,0.05,Goal Area Sample Probability,0.2,Goal Area Delta,0.2
Manipulability,1.0,1.0,0.064535088875021,0.06424759886823826,0.06053514988679572,4.278611147e-11,2.475098661e-11,0.0
Distance to Last Node,0.0,0.112,0.099,0.05,0.1,0.05,0.095,0.108
Total Cost,0.0,0.06551,0.12368,0.15821,0.21919,0.2738,0.33831,0.39823
Joint 0: ,0.0,1.164,1.748,1.679,1.694,1.898,1.805,1.831
Joint 1: ,-0.7,-1.86,-1.207,-1.247,-1.126,-1.232,-1.497,-1.241
Joint 2: ,0.0,-0.845,-0.978,-1.162,-1.13,-1.153,-1.308,-1.084
Joint 3: ,1.5,1.763,1.238,1.474,1.413,1.141,1.028,1.302
Joint 4: ,0.0,-0.683,-0.864,-0.658,-0.564,-0.705,-0.862,-0.789
Joint 5: ,1.5,1.552,0.912,1.148,1.23,1.046,1.098,1.288
Joint 6: ,0.0,-1.115,-1.712,-1.916,-2.388,-2.529,-2.592,-2.718
Trial,9,Sim Type,6,Distance Weight,0.8,Random Seed,135,Min Iterations,1000,Distance cost,0.403992262690039,Manip Cost,0.3696830146486474,Total cost,0.3149172355071871,Object Reduction,0.02,Contact Sample Chance,0.0,Parent finding radius R,0.125,Step Size,0.05,Goal Area Sample Probability,0.2,Goal Area Delta,0.2
Manipulability,1.0,0.047692928107792965,4.68314553344242e-06,8.69787717873846e-06,0.0,0.03562507237570532,0.046016498147504685,8.36150772440894e-06
Distance to Last Node,0.0,0.05,0.099,0.099,0.1,0.05,0.068,0.059
Total Cost,0.0,0.02924,0.10657,0.18468,0.28054,0.2736,0.30892,0.31492
Joint 0: ,0.0,0.565,0.29,0.167,0.013,-0.07,0.304,0.25
Joint 1: ,-0.7,-0.056,0.206,0.401,0.58,0.587,0.151,0.341
Joint 2: ,0.0,-0.581,-0.762,-0.761,-0.8,-0.815,-0.836,-0.875
Joint 3: ,1.5,1.695,1.531,1.486,1.392,1.275,1.708,1.656
Joint 4: ,0.0,-0.613,-0.735,-0.657,-0.578,-0.64,-0.58,-0.529
Joint 5: ,1.5,0.856,0.434,0.356,0.278,0.188,0.445,0.392
Joint 6: ,0.0,-0.613,-1.037,-1.084,-1.398,-1.461,-1.901,-2.765
Trial,10,Sim Type,6,Distance Weight,0.8,Random Seed,150,Min Iterations,1000,Distance cost,N/A,Manip Cost,N/A,Total cost,N/A,Object Reduction,0.02,Contact Sample Chance,0.0,Parent finding radius R,0.125,Step Size,0.05,Goal Area Sample Probability,0.2,Goal Area Delta,0.2
Trial,11,Sim Type,6,Distance Weight,0.8,Random Seed,165,Min Iterations,1000,Distance cost,0.7912609054940676,Manip Cost,0.07191554205094329,Total cost,0.6056007440139797,Object Reduction,0.02,Contact Sample Chance,0.0,Parent finding radius R,0.125,Step Size,0.05,Goal Area Sample Probability,0.2,Goal Area Delta,0.2
Manipulability,1.0,1.0,1.0,1.0,0.048044184445391484,0.04686599065777219,0.06491654487199078,0.06216114635927283,0.03708755269494811
Distance to Last Node,0.0,0.082,0.05,0.401,0.084,0.064,0.116,0.121,0.11
Total Cost,0.0,0.04822,0.07746,0.31179,0.36093,0.40204,0.47069,0.5405,0.6056
Joint 0: ,0.0,0.479,0.793,0.935,1.199,1.204,1.451,1.407,1.629
Joint 1: ,-0.7,-1.361,-1.08,-1.03,-0.766,-0.73,-1.311,-1.211,-1.225
Joint 2: ,0.0,-1.127,-1.187,-1.178,-1.413,-1.453,-1.124,-1.39,-1.366
Joint 3: ,1.5,1.743,1.528,1.356,1.293,1.266,1.519,1.582,1.585
Joint 4: ,0.0,-0.651,-0.723,-0.692,-0.472,-0.5,0.271,0.007,0.036
Joint 5: ,1.5,1.563,1.274,1.12,1.065,1.043,0.421,0.578,0.505
Joint 6: ,0.0,0.377,0.66,1.429,2.215,2.371,2.591,2.483,2.76
Trial,12,Sim Type,6,Distance Weight,0.8,Random Seed,180,Min Iterations,1000,Distance cost,0.45947773146454784,Manip Cost,0.08871466349556825,Total cost,0.35587305438792166,Object Reduction,0.02,Contact Sample Chance,0.0,Parent finding radius R,0.125,Step Size,0.05,Goal Area Sample Probability,0.2,Goal Area Delta,0.2
Manipulability,1.0,1.0,0.039117812998626884,0.06411505961556233,0.06348968100415377,0.06310162418977076,0.061361399444004865
Distance to Last Node,0.0,0.092,0.093,0.093,0.097,0.098,0.123
Total Cost,0.0,0.05387,0.10854,0.17099,0.22429,0.29197,0.35587
Joint 0: ,0.0,1.025,1.806,1.453,1.832,1.777,1.785
Joint 1: ,-0.7,-1.065,-1.319,-1.223,-1.363,-1.333,-1.284
Joint 2: ,0.0,-0.437,-1.232,-0.873,-1.031,-0.96,-1.003
Joint 3: ,1.5,1.096,1.521,1.287,1.597,1.57,1.579
Joint 4: ,0.0,-0.974,-1.16,-1.318,-1.311,-1.319,-1.369
Joint 5: ,1.5,1.467,1.049,1.231,1.191,0.98,1.011
Joint 6: ,0.0,-1.037,-1.539,-1.744,-2.057,-2.042,-2.575
Trial,13,Sim Type,6,Distance Weight,0.8,Random Seed,195,Min Iterations,1000,Distance cost,0.40843389579644623,Manip Cost,0.22834563300301108,Total cost,0.31610576858251155,Object Reduction,0.02,Contact Sample Chance,0.0,Parent finding radius R,0.125,Step Size,0.05,Goal Area Sample Probability,0.2,Goal Area Delta,0.2
Manipulability,1.0,0.0331447146632229,0.03321343847984104,1.23017404823177e-05,0.02727349189891128,0.05333939672534836,5.26407611661392e-06
Distance to Last Node,0.0,0.097,0.05,0.096,0.096,0.096,0.095
Total Cost,0.0,0.0567,0.09805,0.16711,0.20459,0.2841,0.31611
Joint 0: ,0.0,-0.041,-0.048,-0.313,0.049,0.137,0.056
Joint 1: ,-0.7,0.353,0.371,0.747,0.206,0.078,0.307
Joint 2: ,0.0,-0.5,-0.505,-0.605,-0.591,-0.574,-0.569
Joint 3: ,1.5,1.532,1.595,1.351,1.691,1.647,1.599
Joint 4: ,0.0,-0.56,-0.528,-0.59,-0.778,-0.741,-0.751
Joint 5: ,1.5,0.526,0.581,0.382,0.753,0.766,0.614
Joint 6: ,0.0,-0.974,-1.005,-1.351,-1.854,-2.231,-2.452
Trial,14,Sim Type,6,Distance Weight,0.8,Random Seed,210,Min Iterations,1000,Distance cost,0.4484636761097924,Manip Cost,0.2824424857697431,Total cost,0.3466850983884968,Object Reduction,0.02,Contact Sample Chance,0.0,Parent finding radius R,0.125,Step Size,0.05,Goal Area Sample Probability,0.2,Goal Area Delta,0.2
Manipulability,1.0,0.053315266466345705,7.68413536606554e-06,0.056470150751553184,0.03811067679618137,0.052046467531690975,8.18721654385984e-06,9.54577209359343e-06,1.060536167883516e-05
Distance to Last Node,0.0,0.05,0.099,0.05,0.096,0.095,0.05,0.112,0.031
Total Cost,0.0,0.02924,0.12156,0.14527,0.20472,0.23378,0.29348,0.32845,0.34669
Joint 0: ,0.0,0.509,0.092,0.249,0.195,0.148,0.235,0.218,0.196
Joint 1: ,-0.7,0.049,0.449,0.264,0.58,0.438,0.346,0.42,0.476
Joint 2: ,0.0,-0.546,-0.585,-0.558,-0.561,-0.948,-0.838,-0.811,-0.802
Joint 3: ,1.5,1.495,1.359,1.164,1.516,1.719,1.538,1.401,1.418
Joint 4: ,0.0,-0.534,-0.754,-0.895,-0.536,-0.363,-0.425,-0.585,-0.578
Joint 5: ,1.5,0.777,0.495,0.326,0.458,0.88,0.729,0.97,0.954
Joint 6: ,0.0,-0.723,-1.194,-1.052,-1.382,-1.892,-1.994,-2.654,-2.654
Trial,15,Sim Type,6,Distance Weight,0.8,Random Seed,225,Min Iterations,1000,Distance cost,0.4238878615560115,Manip Cost,0.20778854593677323,Total cost,0.3277093608236711,Object Reduction,0.02,Contact Sample Chance,0.0,Parent finding radius R,0.125,Step Size,0.05,Goal Area Sample Probability,0.2,Goal Area Delta,0.2
Manipulability,1.0,0.040126932383297356,0.030651252759444716,4.79240695342437e-06,1.072501655571025e-05,0.033418098898030275,0.05207499197066587,0.06007752518800076,0.030121183332802
Distance to Last Node,0.0,0.05,0.098,0.1,0.1,0.05,0.109,0.032,0.012
Total Cost,0.0,0.02924,0.09608,0.17725,0.24234,0.2698,0.32536,0.32697,0.32771
Joint 0: ,0.0,0.408,0.005,0.198,-0.232,-0.006,0.166,-0.018,-0.018
Joint 1: ,-0.7,-0.26,0.322,0.259,0.684,0.413,0.235,0.259,0.284
Joint 2: ,0.0,-0.331,-0.657,-0.612,-0.562,-0.612,-0.807,-0.607,-0.602
Joint 3: ,1.5,1.246,1.447,1.534,1.543,1.55,1.59,1.566,1.552
Joint 4: ,0.0,-0.227,-0.402,-0.465,-0.04,-0.166,-0.072,-0.1,-0.099
Joint 5: ,1.5,1.081,0.719,0.777,0.347,0.442,0.535,0.622,0.61
Joint 6: ,0.0,-0.408,-1.351,-1.854,-2.34,-2.466,-2.978,-3.032,-3.032
Trial,16,Sim Type,6,Distance Weight,0.8,Random Seed,240,Min Iterations,1000,Distance cost,0.4456715794526089,Manip Cost,0.25823769532646423,Total cost,0.3517108428478768,Object Reduction,0.02,Contact Sample Chance,0.0,Parent finding radius R,0.125,Step Size,0.05,Goal Area Sample Probability,0.2,Goal Area Delta,0.2
Manipulability,1.0,0.04059624819006904,0.048159788010621984,8.01544455768983e-06,1.00575124573422e-05,0.03767964441076575,0.06922475145450843,5.33368685041267e-06
Distance to Last Node,0.0,0.093,0.097,0.05,0.05,0.098,0.091,0.101
Total Cost,0.0,0.05444,0.11687,0.1657,0.17539,0.26066,0.3072,0.35171
Joint 0: ,0.0,0.306,0.294,0.235,0.11,-0.136,0.183,0.002
Joint 1: ,-0.7,-0.523,0.197,0.347,0.469,0.61,0.418,0.357
Joint 2: ,0.0,-0.122,-0.816,-0.813,-0.764,-0.652,-0.483,-0.495
Joint 3: ,1.5,1.406,1.256,1.508,1.344,1.543,1.536,1.481
Joint 4: ,0.0,-0.398,-0.441,-0.221,-0.331,-0.189,-0.252,-0.673
Joint 5: ,1.5,1.321,0.82,1.065,0.933,0.822,0.953,0.875
Joint 6: ,0.0,-1.084,-1.995,-2.215,-2.325,-2.717,-2.875,-3.299
Trial,17,Sim Type,6,Distance Weight,0.8,Random Seed,255,Min Iterations,1000,Distance cost,0.501527192533121,Manip Cost,0.1426698582936193,Total cost,0.3811606663251719,Object Reduction,0.02,Contact Sample Chance,0.0,Parent finding radius R,0.125,Step Size,0.05,Goal Area Sample Probability,0.2,Goal Area Delta,0.2
Manipulability,1.0,1.0,1.0,1.0,1.0,0.0,0.03712095694371418,1.0,0.038912899300183094
Distance to Last Node,0.0,0.05,0.087,0.095,0.05,0.122,0.094,0.05,0.104
Total Cost,0.0,0.02924,0.08019,0.13579,0.16503,0.23616,0.3091,0.33209,0.38116
Joint 0: ,0.0,0.707,0.822,1.051,1.083,1.856,1.634,1.516,1.671
Joint 1: ,-0.7,-1.206,-1.163,-1.222,-1.086,-1.165,-1.018,-1.218,-1.197
Joint 2: ,0.0,-0.707,-1.544,-1.286,-1.138,-1.561,-1.619,-1.823,-1.523
Joint 3: ,1.5,1.244,1.827,1.504,1.375,1.22,1.361,1.549,1.486
Joint 4: ,0.0,-0.675,-0.336,0.504,0.598,0.669,0.496,0.323,0.507
Joint 5: ,1.5,1.189,1.155,0.906,0.877,0.862,0.973,0.824,0.806
Joint 6: ,0.0,-0.047,1.257,2.121,2.215,1.571,1.806,1.916,2.29
Trial,18,Sim Type,6,Distance Weight,0.8,Random Seed,270,Min Iterations,1000,Distance cost,0.4256712935513418,Manip Cost,0.11424337958993559,Total cost,0.34473924853411875,Object Reduction,0.02,Contact Sample Chance,0.0,Parent finding radius R,0.125,Step Size,0.05,Goal Area Sample Probability,0.2,Goal Area Delta,0.2
Manipulability,1.0,0.04661455687677778,0.06370075389681354,0.05667322640411894,0.059126788650971006,0.0311535767733445,0.032480832445175765
Distance to Last Node,0.0,0.05,0.09,0.098,0.123,0.098,0.094
Total Cost,0.0,0.02924,0.09311,0.15216,0.22321,0.28378,0.34474
Joint 0: ,0.0,0.393,-0.224,0.131,0.046,-0.118,-0.129
Joint 1: ,-0.7,-0.279,0.151,0.049,0.133,0.268,0.298
Joint 2: ,0.0,-0.227,-0.131,-0.405,-0.45,-0.47,-0.42
Joint 3: ,1.5,1.488,1.41,1.627,1.596,1.539,1.488
Joint 4: ,0.0,-0.145,-0.307,-0.401,-0.357,-0.279,-0.32
Joint 5: ,1.5,1.107,0.483,0.865,0.802,0.67,0.771
Joint 6: ,0.0,-0.393,-1.223,-2.134,-3.006,-3.116,-3.478
Trial,19,Sim Type,6,Distance Weight,0.8,Random Seed,285,Min Iterations,1000,Distance cost,0.4549504533414707,Manip Cost,0.11656406618894867,Total cost,0.35529313130405565,Object Reduction,0.02,Contact Sample Chance,0.0,Parent finding radius R,0.125,Step Size,0.05,Goal Area Sample Probability,0.2,Goal Area Delta,0.2
Manipulability,1.0,0.04797674427218332,0.035874620947373696,0.056991846173099804,0.04522293604967309,0.05610617443649347,0.059860293836026104,0.0317494077314062
Distance to Last Node,0.0,0.093,0.05,0.088,0.106,0.117,0.061,0.076
Total Cost,0.0,0.05411,0.09585,0.14989,0.20858,0.28517,0.32137,0.35529
Joint 0: ,0.0,-0.295,-0.443,0.021,0.171,0.024,-0.093,-0.124
Joint 1: ,-0.7,-0.215,0.4,-0.01,-0.132,0.07,0.159,0.293
Joint 2: ,0.0,0.278,0.095,-0.184,-0.432,-0.414,-0.416,-0.486
Joint 3: ,1.5,1.603,1.579,1.446,1.89,1.714,1.675,1.501
Joint 4: ,0.0,0.193,-0.075,-0.513,-0.107,-0.19,-0.16,-0.111
Joint 5: ,1.5,1.075,0.501,1.189,1.191,0.939,0.783,0.709
Joint 6: ,0.0,-0.377,-0.942,-1.602,-2.576,-2.97,-3.016,-2.859
Trial,20,Sim Type,6,Distance Weight,0.8,Random Seed,300,Min Iterations,1000,Distance cost,0.4431450188760917,Manip Cost,0.2294087201362105,Total cost,0.34455485013882536,Object Reduction,0.02,Contact Sample Chance,0.0,Parent finding radius R,0.125,Step Size,0.05,Goal Area Sample Probability,0.2,Goal Area Delta,0.2
Manipulability,1.0,3.88384169068071e-06,0.048849316213588324,0.048702336200063714,0.03848414650188402,0.04705273833307751,5.2221942885697e-06
Distance to Last Node,0.0,0.099,0.097,0.089,0.1,0.111,0.08
Total Cost,0.0,0.05778,0.14928,0.19517,0.2405,0.30451,0.34455
Joint 0: ,0.0,-0.537,-0.292,0.384,0.48,0.227,0.113
Joint 1: ,-0.7,0.382,0.151,0.005,-0.099,0.15,0.313
Joint 2: ,0.0,0.341,0.032,-0.52,-0.492,-0.762,-0.552
Joint 3: ,1.5,1.704,2.063,1.839,2.073,1.79,1.829
Joint 4: ,0.0,0.698,0.384,1.319,1.521,0.768,1.301
Joint 5: ,1.5,0.463,0.79,-0.492,-0.769,0.343,-0.684
Joint 6: ,0.0,0.942,1.257,1.178,0.361,1.77,1.0
Trial,21,Sim Type,6,Distance Weight,0.8,Random Seed,315,Min Iterations,1000,Distance cost,N/A,Manip Cost,N/A,Total cost,N/A,Object Reduction,0.02,Contact Sample Chance,0.0,Parent finding radius R,0.125,Step Size,0.05,Goal Area Sample Probability,0.2,Goal Area Delta,0.2
Trial,22,Sim Type,6,Distance Weight,0.8,Random Seed,330,Min Iterations,1000,Distance cost,0.6057098928911502,Manip Cost,0.0544687961205757,Total cost,0.4645248971948212,Object Reduction,0.02,Contact Sample Chance,0.0,Parent finding radius R,0.125,Step Size,0.05,Goal Area Sample Probability,0.2,Goal Area Delta,0.2
Manipulability,1.0,1.0,0.03759854156525177,1.0,1.0,1.0,1.0,0.03834651278586227,0.06384329000425765,0.0388247130056083
Distance to Last Node,0.0,0.05,0.112,0.091,0.097,0.05,0.098,0.05,0.124,0.115
Total Cost,0.0,0.02924,0.09471,0.15149,0.20518,0.23442,0.29174,0.32098,0.39725,0.46452
Joint 0: ,0.0,-0.138,0.286,0.838,1.012,1.154,1.438,1.673,1.443,1.668
Joint 1: ,-0.7,-0.48,-0.55,-1.101,-1.512,-1.418,-1.41,-1.191,-1.309,-1.225
Joint 2: ,0.0,-0.22,-0.546,-1.428,-1.683,-1.604,-1.517,-1.526,-1.376,-1.514
Joint 3: ,1.5,1.29,1.653,1.345,1.705,1.676,1.317,1.523,1.608,1.524
Joint 4: ,0.0,-0.177,0.071,-0.485,-0.008,0.086,0.559,0.392,0.543,0.597
Joint 5: ,1.5,1.288,1.764,1.07,1.086,0.992,0.649,0.758,0.912,0.748
Joint 6: ,0.0,0.157,0.927,1.838,2.136,2.231,2.623,2.529,3.142,3.225
Trial,23,Sim Type,6,Distance Weight,0.8,Random Seed,345,Min Iterations,1000,Distance cost,0.4898876716870055,Manip Cost,0.4735278339759454,Total cost,0.40634056811177216,Object Reduction,0.02,Contact Sample Chance,0.0,Parent finding radius R,0.125,Step Size,0.05,Goal Area Sample Probability,0.2,Goal Area Delta,0.2
Manipulability,1.0,1.0,1.0,0.0,0.061358702256821024,4.243708986e-11,0.0,0.0,0.03932047689563161
Distance to Last Node,0.0,0.107,0.05,0.1,0.05,0.05,0.098,0.094,0.088
Total Cost,0.0,0.06239,0.09163,0.15,0.19459,0.21383,0.31267,0.37651,0.40634
Joint 0: ,0.0,1.171,1.347,1.698,1.761,1.842,1.852,1.715,1.844
Joint 1: ,-0.7,-1.148,-1.276,-1.414,-1.181,-1.248,-1.216,-1.483,-1.285
Joint 2: ,0.0,-0.313,-0.334,-1.162,-0.932,-0.944,-0.912,-1.156,-0.99
Joint 3: ,1.5,1.582,1.362,1.404,1.399,1.255,1.2,1.187,1.36
Joint 4: ,0.0,-0.597,-0.806,-1.047,-0.843,-0.911,-0.88,-1.132,-0.974
Joint 5: ,1.5,1.69,1.477,1.571,1.366,1.284,1.253,1.491,1.281
Joint 6: ,0.0,-1.131,-1.319,-2.359,-2.358,-2.421,-2.424,-2.314,-2.391
Trial,24,Sim Type,6,Distance Weight,0.8,Random Seed,360,Min Iterations,1000,Distance cost,0.7105160631150723,Manip Cost,0.18633903045729647,Total cost,0.5620155075717861,Object Reduction,0.02,Contact Sample Chance,0.0,Parent finding radius R,0.125,Step Size,0.05,Goal Area Sample Probability,0.2,Goal Area Delta,0.2
Manipulability,1.0,1.0,0.059489841418810134,4.691757935e-11,0.025780896719934377,0.045708225121584366,0.03437894851429665,0.05614394338154448,0.03072030018617849,0.036341110042394625,0.03407375749942606,0.03407239881140367,0.03403681918434873
Distance to Last Node,0.0,0.05,0.088,0.097,0.098,0.05,0.082,0.124,0.077,0.088,0.05,0.089,0.032
Total Cost,0.0,0.02924,0.0806,0.16733,0.20867,0.25504,0.28645,0.35983,0.40683,0.4617,0.4891,0.54777,0.56202
Joint 0: ,0.0,0.769,1.543,1.614,1.336,1.086,0.86,1.435,1.5,1.614,1.605,1.545,1.601
Joint 1: ,-0.7,-1.366,-1.085,-1.081,-0.542,-0.518,-0.413,-0.868,-0.743,-1.06,-1.003,-1.016,-1.016
Joint 2: ,0.0,-0.77,-1.405,-1.919,-1.884,-2.046,-1.845,-1.845,-1.71,-1.59,-1.508,-1.485,-1.488
Joint 3: ,1.5,1.294,1.532,1.285,1.493,1.744,1.691,1.648,1.278,1.518,1.541,1.55,1.554
Joint 4: ,0.0,-0.738,-0.29,-0.51,-0.329,-0.369,-0.448,-0.44,-0.377,-0.047,-0.016,0.013,-0.074
Joint 5: ,1.5,1.267,1.08,0.86,1.134,1.354,1.302,0.799,0.394,0.557,0.588,0.533,0.576
Joint 6: ,0.0,-0.393,0.33,1.304,2.215,2.435,2.259,2.36,2.396,2.496,2.496,2.528,2.433
Trial,25,Sim Type,6,Distance Weight,0.8,Random Seed,375,Min Iterations,1000,Distance cost,0.48699969220198264,Manip Cost,0.11286933665607929,Total cost,0.38852940003932157,Object Reduction,0.02,Contact Sample Chance,0.0,Parent finding radius R,0.125,Step Size,0.05,Goal Area Sample Probability,0.2,Goal Area Delta,0.2
Manipulability,1.0,1.0,0.05476113474250323,0.052828343924247734,0.05568482106455852,0.02318092037461545,0.02695621913825362,0.024395145998781037,0.02828722611659193
Distance to Last Node,0.0,0.05,0.11,0.05,0.094,0.078,0.05,0.124,0.077
Total Cost,0.0,0.02924,0.09338,0.13198,0.19181,0.23772,0.26303,0.34266,0.38853
Joint 0: ,0.0,-0.267,-0.544,-0.593,-0.692,-0.71,-0.584,-0.0,-0.1
Joint 1: ,-0.7,-0.511,-0.014,-0.084,0.05,0.049,0.163,0.077,0.241
Joint 2: ,0.0,-0.175,0.269,0.213,0.374,0.503,0.252,-0.417,-0.4
Joint 3: ,1.5,1.176,1.695,1.721,1.507,1.536,1.812,1.829,1.825
Joint 4: ,0.0,-0.267,0.209,0.162,0.649,1.042,0.885,1.089,1.147
Joint 5: ,1.5,1.202,0.821,0.868,0.412,-0.047,0.204,-0.426,-0.349
Joint 6: ,0.0,0.236,1.398,1.445,1.775,1.644,1.817,1.598,1.723
Trial,26,Sim Type,6,Distance Weight,0.8,Random Seed,390,Min Iterations,1000,Distance cost,0.6566470176022221,Manip Cost,0.1620525880672829,Total cost,0.5049892759326146,Object Reduction,0.02,Contact Sample Chance,0.0,Parent finding radius R,0.125,Step Size,0.05,Goal Area Sample Probability,0.2,Goal Area Delta,0.2
Manipulability,1.0,0.0383227285875089,1.0,0.034145429794153345,1.0,0.060907713233238396,1.0,3.135097518e-11,0.05872858574738318,0.05654151822107478,0.056433502193261084
Distance to Last Node,0.0,0.098,0.084,0.098,0.118,0.05,0.097,0.05,0.111,0.078,0.07
Total Cost,0.0,0.05723,0.10921,0.16328,0.23817,0.2618,0.32473,0.34793,0.42958,0.48367,0.50499
Joint 0: ,0.0,0.825,0.847,0.519,1.506,1.433,1.279,1.823,1.466,1.568,1.703
Joint 1: ,-0.7,-0.707,-1.361,-0.677,-1.331,-1.18,-1.523,-1.656,-1.208,-1.116,-1.073
Joint 2: ,0.0,-0.868,-1.499,-0.911,-1.318,-1.145,-0.851,-1.055,-1.13,-1.319,-1.225
Joint 3: ,1.5,1.152,1.543,1.701,1.352,1.502,1.712,1.108,1.607,1.629,1.54
Joint 4: ,0.0,-0.817,-1.111,-0.843,-1.513,-1.371,-0.968,-1.518,-1.008,-1.1,-1.101
Joint 5: ,1.5,0.703,1.185,1.4,0.81,0.669,1.082,0.52,1.107,0.754,0.935
Joint 6: ,0.0,-0.785,-1.367,-2.026,-3.143,-3.033,-2.714,-2.904,-2.937,-3.049,-2.863
Trial,27,Sim Type,6,Distance Weight,0.8,Random Seed,405,Min Iterations,1000,Distance cost,0.6647634533820487,Manip Cost,0.08813694118541884,Total cost,0.5132186704379312,Object Reduction,0.02,Contact Sample Chance,0.0,Parent finding radius R,0.125,Step Size,0.05,Goal Area Sample Probability,0.2,Goal Area Delta,0.2
Manipulability,1.0,1.0,0.05274886844438449,1.0,0.0365829033387024,0.03520310557652669,0.05216380616913858,0.057358090530037986,0.05749618647624471
Distance to Last Node,0.0,0.23,0.093,0.124,0.09,0.099,0.111,0.113,0.002
Total Cost,0.0,0.13464,0.18902,0.26374,0.31456,0.37965,0.44684,0.5194,0.51322
Joint 0: ,0.0,0.557,1.055,1.053,1.68,1.693,1.52,1.684,1.688
Joint 1: ,-0.7,-1.005,-1.066,-0.969,-0.982,-0.942,-0.861,-1.086,-1.088
Joint 2: ,0.0,-0.43,-0.718,-1.876,-1.636,-1.585,-1.445,-1.226,-1.229
Joint 3: ,1.5,1.526,1.511,1.58,1.324,1.28,1.436,1.526,1.526
Joint 4: ,0.0,-0.401,-0.778,-0.998,-1.029,-1.053,-0.976,-0.976,-0.977
Joint 5: ,1.5,1.143,0.464,1.121,0.828,0.736,0.839,0.902,0.901
Joint 6: ,0.0,-0.793,-1.453,-2.645,-2.914,-2.945,-3.157,-3.196,-3.196
Trial,28,Sim Type,6,Distance Weight,0.8,Random Seed,420,Min Iterations,1000,Distance cost,0.5022490097591321,Manip Cost,0.07919948545973518,Total cost,0.3887596839720077,Object Reduction,0.02,Contact Sample Chance,0.0,Parent finding radius R,0.125,Step Size,0.05,Goal Area Sample Probability,0.2,Goal Area Delta,0.2
Manipulability,1.0,1.0,1.0,0.03788709916010307,0.056949449921084604,0.05350796074639597,0.06471226675123462,0.06175260213129941
Distance to Last Node,0.0,0.122,0.123,0.05,0.098,0.05,0.093,0.117
Total Cost,0.0,0.07131,0.14301,0.17225,0.23732,0.26754,0.3219,0.38876
Joint 0: ,0.0,0.566,1.27,1.838,1.638,1.519,1.645,1.643
Joint 1: ,-0.7,-1.29,-1.407,-1.177,-1.099,-1.193,-1.249,-1.232
Joint 2: ,0.0,-0.412,-0.86,-1.391,-1.247,-1.377,-1.176,-1.265
Joint 3: ,1.5,1.598,1.586,1.477,1.569,1.785,1.462,1.577
Joint 4: ,0.0,0.04,-0.698,-1.059,-0.934,-0.745,-0.458,-0.483
Joint 5: ,1.5,1.447,1.195,0.659,0.752,0.94,0.548,0.569
Joint 6: ,0.0,0.691,0.77,1.288,1.822,2.011,2.774,3.026
Trial,29,Sim Type,6,Distance Weight,0.8,Random Seed,435,Min Iterations,1000,Distance cost,0.7288467014197727,Manip Cost,0.0743877188693925,Total cost,0.5632543236730899,Object Reduction,0.02,Contact Sample Chance,0.0,Parent finding radius R,0.125,Step Size,0.05,Goal Area Sample Probability,0.2,Goal Area Delta,0.2
Manipulability,1.0,1.0,1.0,1.0,1.0,0.03180150125341812,0.05151831081272137,0.06425273069823101,0.053798589263862405,0.035625392269143574,0.032547643848721455
Distance to Last Node,0.0,0.115,0.114,0.091,0.114,0.093,0.092,0.05,0.096,0.098,0.084
Total Cost,0.0,0.06705,0.13382,0.18729,0.25406,0.30849,0.36759,0.39671,0.45214,0.51481,0.56325
Joint 0: ,0.0,-0.092,0.425,0.225,0.728,0.934,1.153,1.583,1.469,1.663,1.567
Joint 1: ,-0.7,-0.805,-0.942,-0.882,-0.546,-0.467,-1.001,-1.179,-1.063,-1.038,-1.006
Joint 2: ,0.0,-0.359,-1.551,-0.816,-1.647,-1.592,-1.356,-1.648,-1.557,-1.718,-1.597
Joint 3: ,1.5,1.541,1.663,1.679,1.27,1.491,1.661,1.585,1.739,1.608,1.686
Joint 4: ,0.0,0.11,-0.642,-0.019,-0.06,-0.06,0.979,0.79,0.821,0.838,0.846
Joint 5: ,1.5,1.41,0.456,0.565,0.53,0.567,0.624,0.215,0.467,0.305,0.392
Joint 6: ,0.0,0.77,1.869,2.409,1.833,1.946,2.763,2.763,2.715,2.81,2.81
Trial,30,Sim Type,6,Distance Weight,0.8,Random Seed,450,Min Iterations,1000,Distance cost,N/A,Manip Cost,N/A,Total cost,N/A,Object Reduction,0.02,Contact Sample Chance,0.0,Parent finding radius R,0.125,Step Size,0.05,Goal Area Sample Probability,0.2,Goal Area Delta,0.2
