Trial,1,Sim Type,5,Distance Weight,0.9,Random Seed,15,Min Iterations,2500,Distance cost,0.5003010888777797,Manip Cost,0.45454545454545453,Total cost,0.4957255254445472,Object Reduction,0.02,Contact Sample Chance,0.0,Parent finding radius R,0.075,Step Size,0.05,Goal Area Sample Probability,0.1,Goal Area Delta,0.15
Closest Taxel Manip,1.0,1.0,1.0,1.0,1.0,1e-20,1e-20,1e-20,1e-20,4.239424121e-11,1e-20
Distance to Last Node,0.0,0.05,0.05,0.051,0.05,0.069,0.064,0.07,0.056,0.032,0.067
Total Cost,0.0,0.04024,0.08049,0.12115,0.1614,0.21733,0.28348,0.35068,0.40376,0.43628,0.49573
Local Manip Cost,0.0,-0.0,-0.0,-0.0,-0.0,-0.0,1.0,1.0,1.0,1.0,1.0
Joint 0: ,-0.2,-0.158,-0.088,-0.064,-0.033,0.012,0.011,0.115,0.14,0.166,0.274
Joint 1: ,0.4,0.447,0.476,0.453,0.43,0.552,0.603,0.736,0.816,0.831,0.895
Joint 2: ,0.4,0.414,0.446,0.462,0.423,0.418,0.334,0.319,0.313,0.337,0.326
Joint 3: ,0.9,0.937,0.925,1.012,1.106,1.098,1.126,0.99,0.988,1.005,0.953
Joint 4: ,0.9,0.895,0.942,0.893,0.83,0.847,0.858,0.936,0.936,0.934,0.978
Joint 5: ,0.9,0.907,0.891,0.955,1.034,0.997,0.968,0.862,0.839,0.844,0.79
Joint 6: ,0.0,-0.0,0.047,0.094,0.157,0.204,0.66,0.628,0.628,0.613,0.628
Trial,2,Sim Type,5,Distance Weight,0.9,Random Seed,30,Min Iterations,2500,Distance cost,0.672829041364917,Manip Cost,0.26430038048048954,Total cost,0.6319761752764743,Object Reduction,0.02,Contact Sample Chance,0.0,Parent finding radius R,0.075,Step Size,0.05,Goal Area Sample Probability,0.1,Goal Area Delta,0.15
Closest Taxel Manip,1.0,1.0,1.0,1.0,1.0,1.0,1.0,1.0,1.0,1e-20,1e-20,0.07126689458857748,0.07228551641797935,1e-20,1e-20,1e-20
Distance to Last Node,0.0,0.05,0.05,0.05,0.05,0.05,0.05,0.05,0.05,0.05,0.05,0.073,0.05,0.05,0.065,0.014
Total Cost,0.0,0.04024,0.08049,0.12073,0.16097,0.20121,0.24146,0.2817,0.32194,0.36219,0.41152,0.47779,0.51763,0.55753,0.61577,0.63198
Local Manip Cost,0.0,-0.0,-0.0,-0.0,-0.0,-0.0,-0.0,-0.0,-0.0,-0.0,1.0,1.0,0.11471121649076625,0.11409487119706657,1.0,1.0
Joint 0: ,-0.2,-0.143,-0.181,-0.145,-0.071,0.002,0.073,0.135,0.171,0.176,0.183,0.241,0.171,0.179,0.221,0.217
Joint 1: ,0.4,0.405,0.312,0.3,0.344,0.393,0.414,0.433,0.446,0.517,0.58,0.727,0.699,0.78,0.895,0.912
Joint 2: ,0.4,0.432,0.472,0.487,0.527,0.558,0.594,0.623,0.637,0.615,0.574,0.553,0.524,0.498,0.458,0.456
Joint 3: ,0.9,0.932,1.012,1.09,1.097,1.112,1.091,1.126,1.189,1.202,1.188,1.121,1.168,1.117,1.009,0.984
Joint 4: ,0.9,0.9,0.868,0.821,0.868,0.884,0.931,0.934,0.896,0.888,0.884,0.948,0.901,0.909,0.952,0.956
Joint 5: ,0.9,0.917,0.996,1.054,1.017,1.004,0.981,0.988,1.051,1.031,0.976,0.879,0.911,0.861,0.74,0.722
Joint 6: ,0.0,0.0,0.063,0.047,0.0,-0.016,-0.063,-0.094,-0.126,-0.141,-0.173,-0.251,-0.267,-0.298,-0.408,-0.408
Trial,3,Sim Type,5,Distance Weight,0.9,Random Seed,45,Min Iterations,2500,Distance cost,0.5442617437158649,Manip Cost,0.3333333333333333,Total cost,0.5231689026776117,Object Reduction,0.02,Contact Sample Chance,0.0,Parent finding radius R,0.075,Step Size,0.05,Goal Area Sample Probability,0.1,Goal Area Delta,0.15
Closest Taxel Manip,1.0,1.0,1.0,1.0,1.0,1.0,1.0,1e-20,1e-20,1e-20,1e-20,1e-20
Distance to Last Node,0.0,0.05,0.05,0.05,0.05,0.05,0.05,0.07,0.07,0.053,0.056,0.059
Total Cost,0.0,0.04024,0.08049,0.12073,0.16097,0.20121,0.24146,0.29811,0.36595,0.41771,0.46987,0.52317
Local Manip Cost,0.0,-0.0,-0.0,-0.0,-0.0,-0.0,-0.0,-0.0,1.0,1.0,1.0,1.0
Joint 0: ,-0.2,-0.218,-0.181,-0.134,-0.094,-0.046,-0.02,0.005,0.124,0.13,0.188,0.234
Joint 1: ,0.4,0.299,0.279,0.26,0.215,0.301,0.394,0.507,0.618,0.716,0.804,0.906
Joint 2: ,0.4,0.393,0.42,0.458,0.442,0.463,0.427,0.381,0.384,0.431,0.441,0.424
Joint 3: ,0.9,1.01,1.084,1.113,1.208,1.226,1.166,1.15,1.037,1.039,1.015,0.963
Joint 4: ,0.9,0.803,0.784,0.8,0.737,0.739,0.754,0.771,0.827,0.869,0.906,0.909
Joint 5: ,0.9,1.01,1.059,1.08,1.155,1.113,1.051,1.002,0.896,0.843,0.8,0.745
Joint 6: ,0.0,0.079,0.094,0.11,0.047,0.016,-0.031,-0.063,-0.206,-0.369,-0.353,-0.353
Trial,4,Sim Type,5,Distance Weight,0.9,Random Seed,60,Min Iterations,2500,Distance cost,0.5156873694470554,Manip Cost,0.4166666666666667,Total cost,0.5057852991690165,Object Reduction,0.02,Contact Sample Chance,0.0,Parent finding radius R,0.075,Step Size,0.05,Goal Area Sample Probability,0.1,Goal Area Delta,0.15
Closest Taxel Manip,1.0,1.0,1.0,1.0,1.0,1.0,1e-20,1e-20,1e-20,4.089726817e-11,4.114983569e-11,1e-20
Distance to Last Node,0.0,0.05,0.05,0.05,0.05,0.05,0.05,0.05,0.05,0.054,0.048,0.075
Total Cost,0.0,0.04024,0.08049,0.12073,0.16097,0.20121,0.24146,0.2942,0.3443,0.39542,0.44018,0.50579
Local Manip Cost,0.0,-0.0,-0.0,-0.0,-0.0,-0.0,-0.0,1.0,1.0,1.0,1.0,1.0
Joint 0: ,-0.2,-0.166,-0.09,-0.064,-0.039,0.041,0.096,0.118,0.185,0.236,0.249,0.25
Joint 1: ,0.4,0.36,0.419,0.375,0.379,0.476,0.532,0.581,0.612,0.723,0.815,0.913
Joint 2: ,0.4,0.427,0.458,0.474,0.436,0.461,0.478,0.474,0.446,0.427,0.419,0.383
Joint 3: ,0.9,0.941,0.933,1.012,1.09,1.026,1.047,1.096,1.129,1.045,0.957,0.934
Joint 4: ,0.9,0.916,0.963,0.916,0.867,0.889,0.888,0.876,0.845,0.91,0.949,0.928
Joint 5: ,0.9,0.937,0.911,0.979,1.058,0.987,0.98,0.99,1.015,0.925,0.848,0.806
Joint 6: ,0.0,0.0,0.047,0.047,0.046,-0.001,-0.032,-0.032,-0.174,-0.237,-0.268,-0.237
Trial,5,Sim Type,5,Distance Weight,0.9,Random Seed,75,Min Iterations,2500,Distance cost,0.4368224877495448,Manip Cost,0.5,Total cost,0.4431402389745903,Object Reduction,0.02,Contact Sample Chance,0.0,Parent finding radius R,0.075,Step Size,0.05,Goal Area Sample Probability,0.1,Goal Area Delta,0.15
Closest Taxel Manip,1.0,1.0,1.0,1.0,1e-20,1e-20,1e-20,1e-20,1e-20,1e-20
Distance to Last Node,0.0,0.05,0.05,0.066,0.05,0.05,0.05,0.05,0.069,0.053
Total Cost,0.0,0.04024,0.08049,0.13376,0.174,0.23091,0.28306,0.33223,0.39489,0.44314
Local Manip Cost,0.0,-0.0,-0.0,-0.0,-0.0,1.0,1.0,1.0,1.0,1.0
Joint 0: ,-0.2,-0.214,-0.162,-0.074,-0.048,0.006,0.063,0.129,0.186,0.245
Joint 1: ,0.4,0.302,0.357,0.438,0.502,0.563,0.644,0.685,0.809,0.91
Joint 2: ,0.4,0.403,0.427,0.354,0.353,0.373,0.386,0.411,0.396,0.399
Joint 3: ,0.9,1.008,1.038,1.063,1.091,1.103,1.08,1.067,1.016,0.942
Joint 4: ,0.9,0.821,0.821,0.824,0.819,0.827,0.849,0.865,0.876,0.908
Joint 5: ,0.9,0.996,0.995,0.993,0.99,0.967,0.93,0.912,0.851,0.783
Joint 6: ,0.0,0.079,0.11,0.22,0.22,0.22,0.251,0.267,0.267,0.267
Trial,6,Sim Type,5,Distance Weight,0.9,Random Seed,90,Min Iterations,2500,Distance cost,0.4294136255919891,Manip Cost,0.4,Total cost,0.4264722630327902,Object Reduction,0.02,Contact Sample Chance,0.0,Parent finding radius R,0.075,Step Size,0.05,Goal Area Sample Probability,0.1,Goal Area Delta,0.15
Closest Taxel Manip,1.0,1.0,1.0,1.0,1.0,1e-20,1e-20,1e-20,4.11963931e-11,1e-20
Distance to Last Node,0.0,0.05,0.05,0.05,0.05,0.05,0.067,0.066,0.025,0.072
Total Cost,0.0,0.04024,0.08049,0.12073,0.16097,0.20121,0.26912,0.33293,0.36149,0.42647
Local Manip Cost,0.0,-0.0,-0.0,-0.0,-0.0,-0.0,1.0,1.0,1.0,1.0
Joint 0: ,-0.2,-0.16,-0.128,-0.097,-0.064,-0.008,0.078,0.142,0.179,0.24
Joint 1: ,0.4,0.433,0.478,0.443,0.451,0.489,0.613,0.726,0.768,0.914
Joint 2: ,0.4,0.416,0.424,0.449,0.441,0.465,0.455,0.447,0.431,0.405
Joint 3: ,0.9,0.952,0.999,1.068,1.144,1.178,1.142,1.117,1.091,0.946
Joint 4: ,0.9,0.892,0.883,0.872,0.825,0.823,0.871,0.874,0.9,0.932
Joint 5: ,0.9,0.92,0.933,0.982,1.029,1.033,0.972,0.94,0.906,0.785
Joint 6: ,0.0,-0.0,-0.0,0.016,0.063,0.063,-0.016,-0.063,0.031,0.031
Trial,7,Sim Type,5,Distance Weight,0.9,Random Seed,105,Min Iterations,2500,Distance cost,0.42251067118690167,Manip Cost,0.5555555555555556,Total cost,0.43581515962376705,Object Reduction,0.02,Contact Sample Chance,0.0,Parent finding radius R,0.075,Step Size,0.05,Goal Area Sample Probability,0.1,Goal Area Delta,0.15
Closest Taxel Manip,1.0,1.0,1.0,3.514224969e-11,1e-20,1e-20,1e-20,4.12144073e-11,1e-20
Distance to Last Node,0.0,0.05,0.05,0.066,0.05,0.074,0.074,0.063,0.046
Total Cost,0.0,0.04024,0.08049,0.13342,0.19367,0.26619,0.33547,0.39298,0.43582
Local Manip Cost,0.0,-0.0,-0.0,-0.0,1.0,1.0,1.0,1.0,1.0
Joint 0: ,-0.2,-0.125,-0.101,-0.053,-0.008,0.093,0.19,0.27,0.31
Joint 1: ,0.4,0.475,0.436,0.51,0.576,0.588,0.691,0.794,0.878
Joint 2: ,0.4,0.428,0.35,0.346,0.358,0.261,0.206,0.22,0.269
Joint 3: ,0.9,0.879,0.987,1.022,1.031,1.124,1.111,1.017,0.935
Joint 4: ,0.9,0.947,0.869,0.847,0.848,0.811,0.827,0.854,0.892
Joint 5: ,0.9,0.827,0.906,0.906,0.894,0.951,0.926,0.853,0.784
Joint 6: ,0.0,0.047,0.126,0.139,0.139,0.346,0.487,0.487,0.456
Trial,8,Sim Type,5,Distance Weight,0.9,Random Seed,120,Min Iterations,2500,Distance cost,0.5098923814714554,Manip Cost,0.4166666666666667,Total cost,0.5005698099909766,Object Reduction,0.02,Contact Sample Chance,0.0,Parent finding radius R,0.075,Step Size,0.05,Goal Area Sample Probability,0.1,Goal Area Delta,0.15
Closest Taxel Manip,1.0,1.0,1.0,1.0,1.0,1.0,1e-20,1e-20,1e-20,1e-20,1e-20,4.327623071e-11
Distance to Last Node,0.0,0.05,0.05,0.05,0.05,0.05,0.05,0.05,0.05,0.05,0.05,0.07
Total Cost,0.0,0.04024,0.08049,0.12073,0.16097,0.20121,0.24146,0.2942,0.34416,0.39219,0.43879,0.50057
Local Manip Cost,0.0,-0.0,-0.0,-0.0,-0.0,-0.0,-0.0,1.0,1.0,1.0,1.0,1.0
Joint 0: ,-0.2,-0.175,-0.153,-0.088,-0.044,-0.006,0.055,0.136,0.184,0.244,0.274,0.283
Joint 1: ,0.4,0.344,0.278,0.356,0.433,0.429,0.535,0.629,0.743,0.819,0.9,0.884
Joint 2: ,0.4,0.416,0.404,0.421,0.433,0.456,0.449,0.403,0.401,0.41,0.39,0.317
Joint 3: ,0.9,0.977,1.083,1.091,1.103,1.166,1.106,1.033,0.907,0.87,0.832,0.959
Joint 4: ,0.9,0.884,0.833,0.871,0.871,0.839,0.857,0.92,1.014,1.023,1.03,0.935
Joint 5: ,0.9,0.964,1.046,0.984,0.962,1.01,0.945,0.853,0.757,0.718,0.678,0.762
Joint 6: ,0.0,0.016,0.063,0.11,0.11,0.141,0.173,0.236,0.33,0.361,0.361,0.44
Trial,9,Sim Type,5,Distance Weight,0.9,Random Seed,135,Min Iterations,2500,Distance cost,0.48683800521176707,Manip Cost,0.36363636363636365,Total cost,0.47451784105422673,Object Reduction,0.02,Contact Sample Chance,0.0,Parent finding radius R,0.075,Step Size,0.05,Goal Area Sample Probability,0.1,Goal Area Delta,0.15
Closest Taxel Manip,1.0,1.0,1.0,1.0,1.0,1.0,1e-20,1e-20,1e-20,1e-20,1e-20
Distance to Last Node,0.0,0.05,0.073,0.05,0.05,0.05,0.05,0.05,0.05,0.068,0.053
Total Cost,0.0,0.04024,0.09917,0.13942,0.17966,0.2199,0.26014,0.31289,0.36285,0.4256,0.47452
Local Manip Cost,0.0,-0.0,-0.0,-0.0,-0.0,-0.0,-0.0,1.0,1.0,1.0,1.0
Joint 0: ,-0.2,-0.154,-0.093,-0.066,-0.003,0.017,0.094,0.162,0.217,0.22,0.227
Joint 1: ,0.4,0.422,0.425,0.373,0.425,0.47,0.554,0.65,0.729,0.84,0.921
Joint 2: ,0.4,0.42,0.47,0.422,0.451,0.451,0.475,0.484,0.488,0.454,0.427
Joint 3: ,0.9,0.947,1.028,1.138,1.158,1.218,1.168,1.12,1.108,1.027,0.946
Joint 4: ,0.9,0.887,0.882,0.804,0.835,0.81,0.842,0.889,0.893,0.941,0.936
Joint 5: ,0.9,0.94,0.992,1.074,1.066,1.089,1.034,0.977,0.945,0.864,0.789
Joint 6: ,0.0,0.016,0.015,-0.064,-0.095,-0.095,-0.127,-0.174,-0.205,-0.284,-0.299
Trial,10,Sim Type,5,Distance Weight,0.9,Random Seed,150,Min Iterations,2500,Distance cost,0.5872175830513076,Manip Cost,0.46153846153846156,Total cost,0.574649670900023,Object Reduction,0.02,Contact Sample Chance,0.0,Parent finding radius R,0.075,Step Size,0.05,Goal Area Sample Probability,0.1,Goal Area Delta,0.15
Closest Taxel Manip,1.0,1.0,1e-20,1.0,1.0,1.0,1.0,2.517195755e-11,2.761314195e-11,1e-20,4.086392213e-11,1e-20,4.442041365e-11
Distance to Last Node,0.0,0.05,0.05,0.05,0.05,0.07,0.05,0.05,0.05,0.05,0.05,0.071,0.066
Total Cost,0.0,0.04024,0.08049,0.14573,0.18097,0.23423,0.27209,0.31054,0.36051,0.40853,0.45514,0.5173,0.57465
Local Manip Cost,0.0,-0.0,-0.0,1.0,-0.0,-0.0,-0.0,-0.0,1.0,1.0,1.0,1.0,1.0
Joint 0: ,-0.2,-0.143,-0.073,-0.098,-0.068,0.032,0.08,0.128,0.2,0.244,0.242,0.213,0.227
Joint 1: ,0.4,0.46,0.487,0.403,0.334,0.368,0.461,0.521,0.622,0.673,0.72,0.795,0.913
Joint 2: ,0.4,0.42,0.452,0.492,0.47,0.525,0.53,0.538,0.515,0.521,0.478,0.44,0.435
Joint 3: ,0.9,0.911,0.896,0.979,1.073,1.055,1.043,1.072,1.0,1.03,1.03,1.005,0.963
Joint 4: ,0.9,0.903,0.95,0.918,0.855,0.906,0.91,0.905,0.925,0.92,0.904,0.884,0.931
Joint 5: ,0.9,0.888,0.871,0.949,1.032,1.004,0.965,0.959,0.887,0.887,0.844,0.808,0.753
Joint 6: ,0.0,0.031,0.079,0.141,0.204,0.141,0.126,0.11,0.063,0.063,0.047,0.047,0.11
Trial,11,Sim Type,5,Distance Weight,0.9,Random Seed,165,Min Iterations,2500,Distance cost,0.49632795421338366,Manip Cost,0.4166666666666667,Total cost,0.488361825458712,Object Reduction,0.02,Contact Sample Chance,0.0,Parent finding radius R,0.075,Step Size,0.05,Goal Area Sample Probability,0.1,Goal Area Delta,0.15
Closest Taxel Manip,1.0,2.40027878e-11,1.0,1.0,1.0,1.0,1.0,2.615254029e-11,1e-20,1e-20,1e-20,1e-20
Distance to Last Node,0.0,0.05,0.05,0.05,0.05,0.05,0.074,0.05,0.05,0.049,0.072,0.01
Total Cost,0.0,0.04024,0.11382,0.14573,0.18097,0.21788,0.27535,0.31381,0.36377,0.41105,0.47503,0.48836
Local Manip Cost,0.0,-0.0,1.0,-0.0,-0.0,-0.0,-0.0,-0.0,1.0,1.0,1.0,1.0
Joint 0: ,-0.2,-0.121,-0.085,-0.027,0.03,0.04,0.024,0.08,0.14,0.172,0.224,0.228
Joint 1: ,0.4,0.484,0.462,0.464,0.487,0.449,0.478,0.557,0.654,0.769,0.898,0.912
Joint 2: ,0.4,0.426,0.448,0.479,0.502,0.483,0.461,0.426,0.394,0.446,0.427,0.425
Joint 3: ,0.9,0.859,0.922,0.936,0.973,1.08,1.204,1.197,1.137,1.039,0.971,0.971
Joint 4: ,0.9,0.963,0.948,0.98,0.975,0.896,0.859,0.866,0.883,0.953,0.967,0.967
Joint 5: ,0.9,0.837,0.895,0.901,0.913,0.991,1.05,0.98,0.922,0.83,0.76,0.756
Joint 6: ,0.0,0.063,0.094,0.126,0.126,0.173,0.188,0.204,0.251,0.314,0.361,0.361
Trial,12,Sim Type,5,Distance Weight,0.9,Random Seed,180,Min Iterations,2500,Distance cost,N/A,Manip Cost,N/A,Total cost,N/A,Object Reduction,0.02,Contact Sample Chance,0.0,Parent finding radius R,0.075,Step Size,0.05,Goal Area Sample Probability,0.1,Goal Area Delta,0.15
Trial,13,Sim Type,5,Distance Weight,0.9,Random Seed,195,Min Iterations,2500,Distance cost,0.3957781807931413,Manip Cost,0.7,Total cost,0.4262003627138272,Object Reduction,0.02,Contact Sample Chance,0.0,Parent finding radius R,0.075,Step Size,0.05,Goal Area Sample Probability,0.1,Goal Area Delta,0.15
Closest Taxel Manip,1.0,1.0,1e-20,1e-20,1e-20,1e-20,4.041243528e-11,4.121275349e-11,1e-20,1e-20
Distance to Last Node,0.0,0.05,0.05,0.05,0.05,0.05,0.068,0.043,0.057,0.025
Total Cost,0.0,0.04024,0.08049,0.14573,0.20097,0.25121,0.31336,0.35295,0.4031,0.4262
Local Manip Cost,0.0,-0.0,-0.0,1.0,1.0,1.0,1.0,1.0,1.0,1.0
Joint 0: ,-0.2,-0.16,-0.132,-0.097,-0.043,0.015,0.098,0.138,0.216,0.24
Joint 1: ,0.4,0.448,0.494,0.504,0.573,0.652,0.686,0.776,0.864,0.906
Joint 2: ,0.4,0.413,0.418,0.434,0.447,0.458,0.439,0.435,0.413,0.413
Joint 3: ,0.9,0.938,0.984,1.047,1.053,1.034,1.086,1.019,0.978,0.956
Joint 4: ,0.9,0.895,0.886,0.855,0.857,0.864,0.812,0.841,0.894,0.898
Joint 5: ,0.9,0.907,0.92,0.965,0.947,0.913,0.916,0.855,0.777,0.754
Joint 6: ,0.0,-0.0,-0.0,0.031,0.031,0.031,0.173,0.204,0.094,0.094
Trial,14,Sim Type,5,Distance Weight,0.9,Random Seed,210,Min Iterations,2500,Distance cost,0.4416847401256115,Manip Cost,0.7272727272727273,Total cost,0.47024353884032305,Object Reduction,0.02,Contact Sample Chance,0.0,Parent finding radius R,0.075,Step Size,0.05,Goal Area Sample Probability,0.1,Goal Area Delta,0.15
Closest Taxel Manip,1.0,1.0,2.48557676e-11,1e-20,1e-20,1e-20,1e-20,1e-20,4.121564137e-11,4.406563275e-11,1e-20
Distance to Last Node,0.0,0.05,0.05,0.05,0.05,0.05,0.05,0.05,0.065,0.064,0.015
Total Cost,0.0,0.04024,0.08049,0.14573,0.20097,0.25121,0.2986,0.3442,0.40071,0.45571,0.47024
Local Manip Cost,0.0,-0.0,-0.0,1.0,1.0,1.0,1.0,1.0,1.0,1.0,1.0
Joint 0: ,-0.2,-0.135,-0.071,0.014,0.045,0.079,0.1,0.132,0.191,0.214,0.224
Joint 1: ,0.4,0.444,0.511,0.567,0.604,0.643,0.611,0.687,0.778,0.895,0.917
Joint 2: ,0.4,0.427,0.447,0.478,0.482,0.487,0.478,0.473,0.464,0.444,0.442
Joint 3: ,0.9,0.913,0.91,0.838,0.886,0.929,1.024,1.023,1.01,0.962,0.957
Joint 4: ,0.9,0.916,0.921,0.984,0.975,0.967,0.904,0.903,0.859,0.922,0.923
Joint 5: ,0.9,0.894,0.858,0.783,0.799,0.811,0.881,0.858,0.829,0.774,0.764
Joint 6: ,0.0,0.016,0.031,0.094,0.094,0.094,0.157,0.157,0.33,0.251,0.251
Trial,15,Sim Type,5,Distance Weight,0.9,Random Seed,225,Min Iterations,2500,Distance cost,0.4496788218498941,Manip Cost,0.5555555555555556,Total cost,0.4602664952204602,Object Reduction,0.02,Contact Sample Chance,0.0,Parent finding radius R,0.075,Step Size,0.05,Goal Area Sample Probability,0.1,Goal Area Delta,0.15
Closest Taxel Manip,1.0,1.0,1.0,1e-20,1e-20,1e-20,4.102280339e-11,1e-20,4.462190493e-11
Distance to Last Node,0.0,0.074,0.072,0.073,0.066,0.068,0.047,0.034,0.068
Total Cost,0.0,0.05919,0.11711,0.17612,0.24917,0.31749,0.36497,0.39975,0.46027
Local Manip Cost,0.0,-0.0,-0.0,-0.0,1.0,1.0,1.0,1.0,1.0
Joint 0: ,-0.2,-0.162,-0.065,0.022,0.098,0.106,0.13,0.185,0.223
Joint 1: ,0.4,0.372,0.405,0.494,0.561,0.628,0.736,0.778,0.92
Joint 2: ,0.4,0.365,0.424,0.428,0.454,0.439,0.471,0.441,0.451
Joint 3: ,0.9,1.054,1.023,1.041,1.066,1.099,1.045,1.03,0.944
Joint 4: ,0.9,0.869,0.903,0.874,0.888,0.774,0.825,0.813,0.878
Joint 5: ,0.9,1.002,0.976,0.975,0.967,0.964,0.903,0.876,0.775
Joint 6: ,0.0,0.094,0.142,0.221,0.236,0.142,0.158,0.095,0.142
Trial,16,Sim Type,5,Distance Weight,0.9,Random Seed,240,Min Iterations,2500,Distance cost,0.5082294319941318,Manip Cost,0.36363636363636365,Total cost,0.49377012515835506,Object Reduction,0.02,Contact Sample Chance,0.0,Parent finding radius R,0.075,Step Size,0.05,Goal Area Sample Probability,0.1,Goal Area Delta,0.15
Closest Taxel Manip,1.0,1.0,1.0,1.0,1.0,1.0,1e-20,1e-20,1e-20,6.004357615e-11,6.277899727e-11
Distance to Last Node,0.0,0.072,0.048,0.05,0.05,0.05,0.05,0.072,0.05,0.073,0.054
Total Cost,0.0,0.05767,0.09619,0.13643,0.17668,0.21692,0.25716,0.32758,0.37755,0.44382,0.49377
Local Manip Cost,0.0,-0.0,-0.0,-0.0,-0.0,-0.0,-0.0,1.0,1.0,1.0,1.0
Joint 0: ,-0.2,-0.095,-0.06,-0.035,-0.013,0.04,0.112,0.132,0.155,0.177,0.232
Joint 1: ,0.4,0.447,0.424,0.38,0.42,0.482,0.582,0.639,0.711,0.834,0.913
Joint 2: ,0.4,0.449,0.473,0.486,0.488,0.5,0.507,0.475,0.466,0.438,0.436
Joint 3: ,0.9,0.892,0.852,0.93,0.989,1.009,0.952,1.025,1.031,0.968,0.945
Joint 4: ,0.9,0.911,0.925,0.881,0.868,0.867,0.883,0.853,0.85,0.859,0.863
Joint 5: ,0.9,0.879,0.862,0.939,0.965,0.95,0.885,0.885,0.867,0.798,0.763
Joint 6: ,0.0,0.081,0.081,0.08,0.08,0.049,0.002,-0.029,-0.029,-0.045,-0.029
Trial,17,Sim Type,5,Distance Weight,0.9,Random Seed,255,Min Iterations,2500,Distance cost,0.4560936382494285,Manip Cost,0.36363636363636365,Total cost,0.446847910788122,Object Reduction,0.02,Contact Sample Chance,0.0,Parent finding radius R,0.075,Step Size,0.05,Goal Area Sample Probability,0.1,Goal Area Delta,0.15
Closest Taxel Manip,1.0,1.0,1.0,1.0,1.0,1.0,2.449139828e-11,1e-20,1e-20,1e-20,1e-20
Distance to Last Node,0.0,0.05,0.05,0.05,0.05,0.05,0.05,0.066,0.062,0.051,0.031
Total Cost,0.0,0.04024,0.08049,0.12073,0.16097,0.20121,0.24146,0.30715,0.36691,0.41538,0.44685
Local Manip Cost,0.0,-0.0,-0.0,-0.0,-0.0,-0.0,-0.0,1.0,1.0,1.0,1.0
Joint 0: ,-0.2,-0.163,-0.13,-0.078,-0.019,0.045,0.107,0.144,0.307,0.351,0.367
Joint 1: ,0.4,0.319,0.349,0.303,0.324,0.42,0.499,0.629,0.704,0.791,0.856
Joint 2: ,0.4,0.306,0.3,0.235,0.275,0.286,0.268,0.338,0.106,0.121,0.151
Joint 3: ,0.9,1.026,1.088,1.197,1.211,1.16,1.155,1.11,1.046,0.997,0.943
Joint 4: ,0.9,0.806,0.774,0.696,0.727,0.774,0.802,0.872,0.866,0.909,0.934
Joint 5: ,0.9,1.002,1.036,1.115,1.116,1.062,0.993,0.923,0.853,0.819,0.778
Joint 6: ,0.0,0.094,0.126,0.204,0.236,0.283,0.33,0.418,0.613,0.66,0.691
Trial,18,Sim Type,5,Distance Weight,0.9,Random Seed,270,Min Iterations,2500,Distance cost,0.6555596427386519,Manip Cost,0.15361916682603796,Total cost,0.6053655951473905,Object Reduction,0.02,Contact Sample Chance,0.0,Parent finding radius R,0.075,Step Size,0.05,Goal Area Sample Probability,0.1,Goal Area Delta,0.15
Closest Taxel Manip,1.0,1.0,1.0,1.0,1.0,1.0,1.0,1.0,1.0,0.0691737088528339,0.07214799172494533,0.07229168113995929,0.07306000120127418,1e-20,1e-20,1e-20
Distance to Last Node,0.0,0.05,0.05,0.05,0.05,0.05,0.05,0.05,0.05,0.05,0.05,0.05,0.05,0.045,0.067,0.021
Total Cost,0.0,0.04024,0.08049,0.12073,0.16097,0.20121,0.24146,0.2817,0.32194,0.36219,0.40348,0.44459,0.48556,0.52244,0.58297,0.60537
Local Manip Cost,0.0,-0.0,-0.0,-0.0,-0.0,-0.0,-0.0,-0.0,-0.0,-0.0,0.11600589383427413,0.11417757532040711,0.11409116756359576,0.11363203249833036,1.0,1.0
Joint 0: ,-0.2,-0.158,-0.124,-0.084,-0.047,-0.09,-0.126,-0.105,-0.042,0.025,0.103,0.171,0.241,0.229,0.268,0.276
Joint 1: ,0.4,0.458,0.365,0.338,0.298,0.204,0.237,0.313,0.39,0.428,0.522,0.572,0.671,0.733,0.862,0.883
Joint 2: ,0.4,0.413,0.32,0.335,0.349,0.355,0.322,0.327,0.36,0.401,0.373,0.406,0.399,0.376,0.332,0.33
Joint 3: ,0.9,0.925,1.051,1.129,1.208,1.311,1.358,1.402,1.396,1.364,1.297,1.248,1.152,1.086,0.955,0.968
Joint 4: ,0.9,0.898,0.804,0.757,0.715,0.637,0.615,0.608,0.639,0.686,0.749,0.796,0.843,0.893,0.942,0.938
Joint 5: ,0.9,0.897,1.001,1.056,1.124,1.211,1.225,1.195,1.164,1.117,1.03,0.981,0.906,0.854,0.752,0.753
Joint 6: ,0.0,-0.0,0.094,0.141,0.188,0.267,0.283,0.283,0.314,0.361,0.424,0.471,0.518,0.581,0.676,0.676
Trial,19,Sim Type,5,Distance Weight,0.9,Random Seed,285,Min Iterations,2500,Distance cost,0.5408183539886885,Manip Cost,0.3333333333333333,Total cost,0.520069851923153,Object Reduction,0.02,Contact Sample Chance,0.0,Parent finding radius R,0.075,Step Size,0.05,Goal Area Sample Probability,0.1,Goal Area Delta,0.15
Closest Taxel Manip,1.0,1.0,1.0,1.0,1.0,1.0,1.0,2.74332357e-11,1e-20,1e-20,1e-20,4.428771958e-11
Distance to Last Node,0.0,0.05,0.05,0.05,0.05,0.05,0.07,0.075,0.05,0.05,0.069,0.041
Total Cost,0.0,0.04024,0.08049,0.12073,0.16097,0.20121,0.2576,0.31783,0.36918,0.41831,0.48138,0.52007
Local Manip Cost,0.0,-0.0,-0.0,-0.0,-0.0,-0.0,-0.0,-0.0,1.0,1.0,1.0,1.0
Joint 0: ,-0.2,-0.147,-0.072,-0.04,0.005,0.023,0.113,0.224,0.223,0.23,0.22,0.24
Joint 1: ,0.4,0.445,0.48,0.472,0.449,0.411,0.455,0.613,0.681,0.76,0.84,0.911
Joint 2: ,0.4,0.421,0.453,0.472,0.502,0.52,0.544,0.511,0.49,0.463,0.413,0.404
Joint 3: ,0.9,0.929,0.903,0.979,1.01,1.101,1.15,1.058,1.054,1.001,0.987,0.949
Joint 4: ,0.9,0.898,0.946,0.921,0.921,0.859,0.827,0.921,0.918,0.927,0.93,0.922
Joint 5: ,0.9,0.903,0.876,0.923,0.947,1.01,1.02,0.918,0.894,0.842,0.811,0.78
Joint 6: ,0.0,-0.0,0.047,0.063,0.063,0.031,-0.047,-0.157,-0.173,-0.204,-0.267,-0.251
Trial,20,Sim Type,5,Distance Weight,0.9,Random Seed,300,Min Iterations,2500,Distance cost,0.5453883441057955,Manip Cost,0.25,Total cost,0.5158495096952159,Object Reduction,0.02,Contact Sample Chance,0.0,Parent finding radius R,0.075,Step Size,0.05,Goal Area Sample Probability,0.1,Goal Area Delta,0.15
Closest Taxel Manip,1.0,1.0,1.0,1.0,1.0,1.0,1.0,1.0,1e-20,3.95764458e-11,1e-20,1e-20
Distance to Last Node,0.0,0.05,0.071,0.05,0.05,0.05,0.05,0.072,0.05,0.05,0.05,0.067
Total Cost,0.0,0.04024,0.09721,0.13745,0.17769,0.21793,0.25818,0.31614,0.35639,0.40663,0.45505,0.51585
Local Manip Cost,0.0,-0.0,-0.0,-0.0,-0.0,-0.0,-0.0,-0.0,-0.0,1.0,1.0,1.0
Joint 0: ,-0.2,-0.162,-0.09,-0.028,0.012,0.041,0.111,0.145,0.187,0.166,0.234,0.291
Joint 1: ,0.4,0.412,0.422,0.485,0.469,0.395,0.435,0.501,0.597,0.644,0.741,0.884
Joint 2: ,0.4,0.419,0.458,0.461,0.487,0.467,0.502,0.432,0.393,0.356,0.309,0.309
Joint 3: ,0.9,0.963,1.03,1.047,1.106,1.2,1.191,1.246,1.17,1.154,1.059,0.935
Joint 4: ,0.9,0.869,0.864,0.862,0.847,0.784,0.832,0.775,0.799,0.783,0.829,0.871
Joint 5: ,0.9,0.942,0.977,0.933,0.971,1.046,1.027,1.065,0.996,0.957,0.883,0.78
Joint 6: ,0.0,0.031,0.016,-0.016,-0.047,-0.11,-0.126,-0.204,-0.251,-0.267,-0.314,-0.377
Trial,21,Sim Type,5,Distance Weight,0.9,Random Seed,315,Min Iterations,2500,Distance cost,0.44996568317917274,Manip Cost,0.7272727272727273,Total cost,0.47769638758852817,Object Reduction,0.02,Contact Sample Chance,0.0,Parent finding radius R,0.075,Step Size,0.05,Goal Area Sample Probability,0.1,Goal Area Delta,0.15
Closest Taxel Manip,1.0,1e-20,1e-20,1e-20,1e-20,1.0,1e-20,1e-20,1e-20,1e-20,1e-20
Distance to Last Node,0.0,0.05,0.05,0.05,0.05,0.05,0.05,0.05,0.055,0.047,0.051
Total Cost,0.0,0.04024,0.11382,0.17073,0.22097,0.26788,0.2986,0.3442,0.39262,0.43398,0.4777
Local Manip Cost,0.0,-0.0,1.0,1.0,1.0,1.0,-0.0,1.0,1.0,1.0,1.0
Joint 0: ,-0.2,-0.118,-0.073,-0.04,-0.017,0.016,0.03,0.083,0.156,0.211,0.252
Joint 1: ,0.4,0.484,0.551,0.583,0.502,0.476,0.541,0.637,0.737,0.817,0.904
Joint 2: ,0.4,0.427,0.435,0.442,0.366,0.39,0.384,0.379,0.365,0.357,0.374
Joint 3: ,0.9,0.851,0.857,0.904,1.03,1.104,1.132,1.087,1.023,0.988,0.958
Joint 4: ,0.9,0.963,0.964,0.948,0.854,0.827,0.819,0.833,0.851,0.908,0.946
Joint 5: ,0.9,0.837,0.821,0.857,0.956,1.005,1.001,0.949,0.887,0.819,0.773
Joint 6: ,0.0,0.063,0.079,0.094,0.188,0.204,0.204,0.204,0.204,0.299,0.268
Trial,22,Sim Type,5,Distance Weight,0.9,Random Seed,330,Min Iterations,2500,Distance cost,0.4590816190330246,Manip Cost,0.5454545454545454,Total cost,0.46771891167517665,Object Reduction,0.02,Contact Sample Chance,0.0,Parent finding radius R,0.075,Step Size,0.05,Goal Area Sample Probability,0.1,Goal Area Delta,0.15
Closest Taxel Manip,1.0,1.0,1.0,1.0,1e-20,1e-20,1e-20,1e-20,1e-20,1e-20,1e-20
Distance to Last Node,0.0,0.05,0.05,0.05,0.05,0.05,0.05,0.049,0.069,0.07,0.026
Total Cost,0.0,0.04024,0.08049,0.12073,0.16097,0.21788,0.27003,0.31852,0.38061,0.44254,0.46772
Local Manip Cost,0.0,-0.0,-0.0,-0.0,-0.0,1.0,1.0,1.0,1.0,1.0,1.0
Joint 0: ,-0.2,-0.168,-0.09,-0.043,-0.006,0.05,0.08,0.105,0.142,0.206,0.227
Joint 1: ,0.4,0.364,0.421,0.45,0.515,0.626,0.699,0.764,0.866,0.867,0.913
Joint 2: ,0.4,0.425,0.461,0.48,0.484,0.546,0.538,0.542,0.549,0.435,0.433
Joint 3: ,0.9,0.972,0.963,1.01,1.033,0.907,0.903,0.915,0.919,0.991,0.966
Joint 4: ,0.9,0.884,0.931,0.922,0.918,1.012,1.012,1.015,1.062,0.946,0.95
Joint 5: ,0.9,0.954,0.884,0.906,0.898,0.788,0.763,0.75,0.73,0.78,0.755
Joint 6: ,0.0,0.016,0.063,0.079,0.079,0.173,0.173,0.188,0.314,0.361,0.361
Trial,23,Sim Type,5,Distance Weight,0.9,Random Seed,345,Min Iterations,2500,Distance cost,0.4576752312947121,Manip Cost,0.31131922210435886,Total cost,0.4430396303756768,Object Reduction,0.02,Contact Sample Chance,0.0,Parent finding radius R,0.075,Step Size,0.05,Goal Area Sample Probability,0.1,Goal Area Delta,0.15
Closest Taxel Manip,1.0,1.0,1.0,1.0,1.0,2.573754738e-11,1e-20,0.07380364132258029,1e-20,1e-20
Distance to Last Node,0.0,0.05,0.05,0.05,0.073,0.05,0.05,0.07,0.061,0.058
Total Cost,0.0,0.04024,0.08049,0.12073,0.17946,0.2197,0.27423,0.34116,0.38835,0.44304
Local Manip Cost,0.0,-0.0,-0.0,-0.0,-0.0,-0.0,1.0,1.0,0.11319222104358864,1.0
Joint 0: ,-0.2,-0.186,-0.116,-0.075,-0.004,0.067,0.117,0.18,0.244,0.27
Joint 1: ,0.4,0.344,0.402,0.453,0.481,0.541,0.579,0.653,0.766,0.884
Joint 2: ,0.4,0.336,0.37,0.385,0.422,0.448,0.465,0.385,0.356,0.343
Joint 3: ,0.9,1.023,1.011,1.047,1.118,1.107,1.144,1.189,1.092,0.976
Joint 4: ,0.9,0.829,0.845,0.841,0.833,0.88,0.875,0.894,0.932,0.953
Joint 5: ,0.9,0.994,0.97,0.975,1.0,0.953,0.96,0.95,0.825,0.736
Joint 6: ,0.0,0.063,0.079,0.079,0.079,0.126,0.126,0.267,0.204,0.267
Trial,24,Sim Type,5,Distance Weight,0.9,Random Seed,360,Min Iterations,2500,Distance cost,0.46920119526368226,Manip Cost,0.5454545454545454,Total cost,0.47682653028276856,Object Reduction,0.02,Contact Sample Chance,0.0,Parent finding radius R,0.075,Step Size,0.05,Goal Area Sample Probability,0.1,Goal Area Delta,0.15
Closest Taxel Manip,1.0,1.0,1.0,1e-20,1.0,1e-20,1e-20,1e-20,1e-20,4.329559556e-11,1e-20
Distance to Last Node,0.0,0.05,0.05,0.05,0.05,0.069,0.051,0.039,0.073,0.075,0.018
Total Cost,0.0,0.04024,0.08049,0.12073,0.18097,0.23301,0.28603,0.3264,0.39197,0.45762,0.47683
Local Manip Cost,0.0,-0.0,-0.0,-0.0,1.0,-0.0,1.0,1.0,1.0,1.0,1.0
Joint 0: ,-0.2,-0.181,-0.114,-0.064,-0.03,0.012,0.044,0.062,0.129,0.229,0.241
Joint 1: ,0.4,0.349,0.415,0.494,0.474,0.605,0.642,0.711,0.817,0.871,0.906
Joint 2: ,0.4,0.402,0.43,0.394,0.36,0.357,0.335,0.358,0.368,0.4,0.397
Joint 3: ,0.9,1.006,1.004,0.988,1.082,1.037,1.086,1.075,1.065,1.014,0.966
Joint 4: ,0.9,0.853,0.869,0.884,0.821,0.853,0.822,0.838,0.865,0.959,0.969
Joint 5: ,0.9,0.979,0.957,0.878,0.942,0.881,0.904,0.899,0.851,0.797,0.761
Joint 6: ,0.0,0.047,0.063,0.079,0.141,0.189,0.283,0.204,0.251,0.361,0.361
Trial,25,Sim Type,5,Distance Weight,0.9,Random Seed,375,Min Iterations,2500,Distance cost,0.43635376829300543,Manip Cost,0.6666666666666666,Total cost,0.45938505813037156,Object Reduction,0.02,Contact Sample Chance,0.0,Parent finding radius R,0.075,Step Size,0.05,Goal Area Sample Probability,0.1,Goal Area Delta,0.15
Closest Taxel Manip,1.0,1.0,3.756168982e-11,1e-20,1e-20,1e-20,4.108182678e-11,1e-20,1e-20
Distance to Last Node,0.0,0.05,0.05,0.072,0.067,0.066,0.053,0.074,0.056
Total Cost,0.0,0.04024,0.08049,0.16319,0.23178,0.29523,0.34505,0.40998,0.45939
Local Manip Cost,0.0,-0.0,-0.0,1.0,1.0,1.0,1.0,1.0,1.0
Joint 0: ,-0.2,-0.158,-0.075,0.005,0.039,0.086,0.084,0.177,0.233
Joint 1: ,0.4,0.467,0.573,0.696,0.632,0.739,0.744,0.853,0.918
Joint 2: ,0.4,0.411,0.4,0.408,0.313,0.343,0.396,0.41,0.418
Joint 3: ,0.9,0.914,0.826,0.778,0.933,0.919,1.008,0.956,0.957
Joint 4: ,0.9,0.9,0.963,1.017,0.903,0.967,0.941,0.954,0.967
Joint 5: ,0.9,0.888,0.805,0.74,0.849,0.81,0.874,0.807,0.774
Joint 6: ,0.0,0.016,0.079,0.141,0.222,0.22,0.487,0.456,0.456
