Trial,1,Sim Type,5,Distance Weight,0.9,Random Seed,15,Min Iterations,2500,Distance cost,N/A,Manip Cost,N/A,Total cost,N/A,Object Reduction,0.02,Contact Sample Chance,0.0,Parent finding radius R,0.075,Step Size,0.05,Goal Area Sample Probability,0.1,Goal Area Delta,0.15
Trial,2,Sim Type,5,Distance Weight,0.9,Random Seed,30,Min Iterations,2500,Distance cost,6.087148796867803,Manip Cost,1.9122811470625347,Total cost,5.669662031887276,Object Reduction,0.02,Contact Sample Chance,0.0,Parent finding radius R,0.075,Step Size,0.05,Goal Area Sample Probability,0.1,Goal Area Delta,0.15
Closest Taxel Manip,1.0,1.0,1.0,2.4776962e-11,1e-20,1e-20,4.078092426e-11,1e-20,4.187293989e-11,1e-20
Distance to Last Node,0.0,0.05,0.068,0.05,0.05,0.05,0.038,0.05,0.05,0.05
Total Cost,0.0,0.6,1.42019,2.02019,2.64588,3.27331,3.76406,4.40364,5.03638,5.66966
Local Manip Cost,0.0,0.0,0.0,0.0,0.25689925434033123,0.27432612728579947,0.325006648074837,0.3958009417003722,0.3274724482536782,0.33277572740751643
Joint 0: ,-0.2,-0.143,-0.084,-0.037,0.011,0.075,0.106,0.17,0.182,0.244
Joint 1: ,0.4,0.405,0.459,0.508,0.571,0.649,0.712,0.805,0.819,0.884
Joint 2: ,0.4,0.432,0.409,0.424,0.402,0.37,0.367,0.364,0.359,0.373
Joint 3: ,0.9,0.932,1.001,1.033,1.048,1.025,1.007,0.942,1.017,0.984
Joint 4: ,0.9,0.9,0.896,0.892,0.886,0.911,0.915,0.962,0.938,0.971
Joint 5: ,0.9,0.917,0.932,0.935,0.877,0.804,0.78,0.727,0.774,0.744
Joint 6: ,0.0,0.0,0.11,0.11,0.11,0.126,0.126,0.173,0.189,0.204
Trial,3,Sim Type,5,Distance Weight,0.9,Random Seed,45,Min Iterations,2500,Distance cost,7.562449704259692,Manip Cost,1.3865579285863034,Total cost,6.944860526692353,Object Reduction,0.02,Contact Sample Chance,0.0,Parent finding radius R,0.075,Step Size,0.05,Goal Area Sample Probability,0.1,Goal Area Delta,0.15
Closest Taxel Manip,1.0,1.0,1.0,1.0,1.0,1.0,1e-20,2.630155666e-11,1e-20,4.084982081e-11,1e-20,1e-20
Distance to Last Node,0.0,0.05,0.05,0.05,0.05,0.05,0.07,0.05,0.05,0.05,0.05,0.047
Total Cost,0.0,0.6,1.2,1.8,2.4,3.0,3.83747,4.46294,5.09023,5.71674,6.34513,6.94486
Local Manip Cost,0.0,0.0,0.0,0.0,0.0,0.0,0.0,0.2546160189719838,0.27293848013123745,0.265096693505314,0.28389063788197827,0.3100160980957897
Joint 0: ,-0.2,-0.218,-0.181,-0.145,-0.108,-0.072,-0.004,0.067,0.107,0.136,0.182,0.244
Joint 1: ,0.4,0.299,0.279,0.298,0.309,0.38,0.507,0.563,0.625,0.718,0.81,0.9
Joint 2: ,0.4,0.393,0.42,0.438,0.441,0.451,0.401,0.432,0.4,0.366,0.409,0.406
Joint 3: ,0.9,1.01,1.084,1.147,1.226,1.266,1.25,1.191,1.213,1.15,1.04,0.962
Joint 4: ,0.9,0.803,0.784,0.742,0.695,0.679,0.732,0.779,0.768,0.781,0.86,0.895
Joint 5: ,0.9,1.01,1.059,1.122,1.176,1.157,1.058,1.0,0.946,0.889,0.803,0.741
Joint 6: ,0.0,0.079,0.094,0.126,0.126,0.11,-0.047,-0.094,-0.126,-0.141,-0.22,-0.236
Trial,4,Sim Type,5,Distance Weight,0.9,Random Seed,60,Min Iterations,2500,Distance cost,7.275943979341102,Manip Cost,1.5336626534018305,Total cost,6.701715846747175,Object Reduction,0.02,Contact Sample Chance,0.0,Parent finding radius R,0.075,Step Size,0.05,Goal Area Sample Probability,0.1,Goal Area Delta,0.15
Closest Taxel Manip,1.0,1.0,1.0,1.0,1.0,1.0,1e-20,1e-20,1e-20,1e-20,1e-20,4.349187426e-11
Distance to Last Node,0.0,0.05,0.05,0.05,0.05,0.05,0.05,0.05,0.05,0.06,0.05,0.035
Total Cost,0.0,0.6,1.2,1.8,2.4,3.0,3.6,4.22551,4.85305,5.61387,6.2448,6.70172
Local Manip Cost,0.0,0.0,0.0,0.0,0.0,0.0,0.0,0.25507860006120864,0.2753814089925068,0.3510002466584096,0.30926854587856795,0.3429338518111373
Joint 0: ,-0.2,-0.166,-0.09,-0.064,-0.039,0.041,0.096,0.118,0.154,0.188,0.222,0.258
Joint 1: ,0.4,0.36,0.419,0.375,0.379,0.476,0.532,0.581,0.674,0.775,0.838,0.885
Joint 2: ,0.4,0.427,0.458,0.474,0.436,0.461,0.478,0.474,0.439,0.428,0.388,0.352
Joint 3: ,0.9,0.941,0.933,1.012,1.09,1.026,1.047,1.096,1.017,0.991,0.985,0.969
Joint 4: ,0.9,0.916,0.963,0.916,0.867,0.889,0.888,0.876,0.894,0.898,0.893,0.89
Joint 5: ,0.9,0.937,0.911,0.979,1.058,0.987,0.98,0.99,0.917,0.871,0.808,0.761
Joint 6: ,0.0,0.0,0.047,0.047,0.046,-0.001,-0.032,-0.032,-0.079,-0.095,-0.126,-0.142
Trial,5,Sim Type,5,Distance Weight,0.9,Random Seed,75,Min Iterations,2500,Distance cost,6.215877214921661,Manip Cost,1.5154187235651286,Total cost,5.745831365786008,Object Reduction,0.02,Contact Sample Chance,0.0,Parent finding radius R,0.075,Step Size,0.05,Goal Area Sample Probability,0.1,Goal Area Delta,0.15
Closest Taxel Manip,1.0,1.0,1.0,1.0,1e-20,1e-20,1e-20,1e-20,1e-20,4.387781872e-11
Distance to Last Node,0.0,0.05,0.05,0.066,0.05,0.05,0.05,0.05,0.05,0.05
Total Cost,0.0,0.6,1.2,1.99429,2.59429,3.21976,3.84773,4.47984,5.11231,5.74583
Local Manip Cost,0.0,0.0,0.0,0.0,0.0,0.25465792371504914,0.2797704471822039,0.3210432681980132,0.324775776770233,0.3351713076996294
Joint 0: ,-0.2,-0.214,-0.162,-0.074,-0.048,0.006,0.063,0.112,0.172,0.235
Joint 1: ,0.4,0.302,0.357,0.438,0.502,0.563,0.644,0.734,0.815,0.893
Joint 2: ,0.4,0.403,0.427,0.354,0.353,0.373,0.386,0.391,0.4,0.395
Joint 3: ,0.9,1.008,1.038,1.063,1.091,1.103,1.08,1.043,1.004,0.966
Joint 4: ,0.9,0.821,0.821,0.824,0.819,0.827,0.849,0.858,0.89,0.937
Joint 5: ,0.9,0.996,0.995,0.993,0.99,0.967,0.93,0.886,0.843,0.775
Joint 6: ,0.0,0.079,0.11,0.22,0.22,0.22,0.251,0.251,0.283,0.299
Trial,6,Sim Type,5,Distance Weight,0.9,Random Seed,90,Min Iterations,2500,Distance cost,6.247129163221449,Manip Cost,1.1128625692269816,Total cost,5.733702503822002,Object Reduction,0.02,Contact Sample Chance,0.0,Parent finding radius R,0.075,Step Size,0.05,Goal Area Sample Probability,0.1,Goal Area Delta,0.15
Closest Taxel Manip,1.0,1.0,1.0,1.0,1.0,1e-20,1e-20,1e-20,1e-20,4.356923585e-11
Distance to Last Node,0.0,0.05,0.05,0.05,0.05,0.05,0.05,0.069,0.05,0.05
Total Cost,0.0,0.6,1.2,1.8,2.4,3.0,3.62468,4.47468,5.10419,5.7337
Local Manip Cost,0.0,0.0,0.0,0.0,0.0,0.0,0.24684395861339845,0.2757485450339662,0.29514130590314497,0.29512875967647195
Joint 0: ,-0.2,-0.16,-0.128,-0.097,-0.064,-0.008,0.051,0.132,0.184,0.252
Joint 1: ,0.4,0.433,0.478,0.443,0.451,0.489,0.584,0.698,0.792,0.886
Joint 2: ,0.4,0.416,0.424,0.449,0.441,0.465,0.474,0.446,0.41,0.366
Joint 3: ,0.9,0.952,0.999,1.068,1.144,1.178,1.148,1.129,1.054,0.958
Joint 4: ,0.9,0.892,0.883,0.872,0.825,0.823,0.833,0.876,0.894,0.916
Joint 5: ,0.9,0.92,0.933,0.982,1.029,1.033,0.986,0.94,0.874,0.799
Joint 6: ,0.0,-0.0,-0.0,0.016,0.063,0.063,0.047,-0.047,-0.094,-0.141
Trial,7,Sim Type,5,Distance Weight,0.9,Random Seed,105,Min Iterations,2500,Distance cost,7.390834735340132,Manip Cost,1.1350274520002532,Total cost,6.765254007006145,Object Reduction,0.02,Contact Sample Chance,0.0,Parent finding radius R,0.075,Step Size,0.05,Goal Area Sample Probability,0.1,Goal Area Delta,0.15
Closest Taxel Manip,1.0,1.0,1.0,1.0,1.0,1.0,1.0,2.594101874e-11,1e-20,1e-20,1e-20,1e-20
Distance to Last Node,0.0,0.05,0.05,0.05,0.05,0.073,0.05,0.05,0.05,0.05,0.05,0.032
Total Cost,0.0,0.6,1.2,1.8,2.4,3.27012,3.87012,4.47012,5.09678,5.72696,6.35533,6.76525
Local Manip Cost,0.0,0.0,0.0,0.0,0.0,0.0,0.0,0.0,0.26663340631107496,0.30179270085311233,0.28364609884062053,0.2829552459954454
Joint 0: ,-0.2,-0.125,-0.101,-0.064,-0.006,0.032,0.088,0.159,0.227,0.304,0.322,0.344
Joint 1: ,0.4,0.475,0.436,0.379,0.44,0.368,0.47,0.549,0.643,0.736,0.806,0.856
Joint 2: ,0.4,0.428,0.35,0.303,0.33,0.312,0.3,0.318,0.259,0.208,0.192,0.195
Joint 3: ,0.9,0.879,0.987,1.097,1.104,1.255,1.213,1.159,1.071,0.988,0.985,0.969
Joint 4: ,0.9,0.947,0.869,0.79,0.821,0.762,0.793,0.84,0.903,0.966,0.967,0.971
Joint 5: ,0.9,0.827,0.906,0.994,0.974,1.089,1.039,0.971,0.881,0.794,0.767,0.748
Joint 6: ,0.0,0.047,0.126,0.204,0.236,0.283,0.314,0.362,0.424,0.487,0.487,0.487
Trial,8,Sim Type,5,Distance Weight,0.9,Random Seed,120,Min Iterations,2500,Distance cost,6.69833783784961,Manip Cost,1.5450981556961523,Total cost,6.183013869634264,Object Reduction,0.02,Contact Sample Chance,0.0,Parent finding radius R,0.075,Step Size,0.05,Goal Area Sample Probability,0.1,Goal Area Delta,0.15
Closest Taxel Manip,1.0,1.0,1.0,1.0,1.0,1.0,1e-20,2.731596455e-11,3.981238089e-11,1e-20,1e-20,4.428530502e-11
Distance to Last Node,0.0,0.05,0.05,0.05,0.05,0.05,0.047,0.05,0.03,0.05,0.063,0.012
Total Cost,0.0,0.6,1.2,1.8,2.4,3.0,3.56933,4.19677,4.57883,5.20762,6.00006,6.18301
Local Manip Cost,0.0,0.0,0.0,0.0,0.0,0.0,0.0,0.2743206599548944,0.26592924831569437,0.2879198441035303,0.32075194166546434,0.39617646165656895
Joint 0: ,-0.2,-0.175,-0.153,-0.088,-0.044,-0.045,0.002,0.06,0.096,0.165,0.219,0.232
Joint 1: ,0.4,0.344,0.278,0.356,0.433,0.482,0.544,0.607,0.654,0.754,0.888,0.908
Joint 2: ,0.4,0.416,0.404,0.421,0.433,0.42,0.406,0.385,0.387,0.389,0.418,0.419
Joint 3: ,0.9,0.977,1.083,1.091,1.103,1.15,1.168,1.182,1.17,1.068,0.985,0.973
Joint 4: ,0.9,0.884,0.833,0.871,0.871,0.857,0.851,0.846,0.862,0.909,0.966,0.968
Joint 5: ,0.9,0.964,1.046,0.984,0.962,0.971,0.924,0.867,0.834,0.763,0.759,0.748
Joint 6: ,0.0,0.016,0.063,0.11,0.11,0.11,0.11,0.11,0.11,0.157,0.204,0.204
Trial,9,Sim Type,5,Distance Weight,0.9,Random Seed,135,Min Iterations,2500,Distance cost,6.481443811962508,Manip Cost,2.1567191742318856,Total cost,6.048971348189446,Object Reduction,0.02,Contact Sample Chance,0.0,Parent finding radius R,0.075,Step Size,0.05,Goal Area Sample Probability,0.1,Goal Area Delta,0.15
Closest Taxel Manip,1.0,1.0,1e-20,1e-20,2.671771595e-11,1e-20,1e-20,1e-20,1e-20,1e-20
Distance to Last Node,0.0,0.05,0.071,0.038,0.05,0.05,0.067,0.05,0.06,0.05
Total Cost,0.0,0.6,1.4498,1.9282,2.55761,3.18538,4.0277,4.66169,5.41777,6.04897
Local Manip Cost,0.0,0.0,0.0,0.2791619017548805,0.2940848782933396,0.27766269384420306,0.3234188298587116,0.33989669804671563,0.3304820829768673,0.3120120894571677
Joint 0: ,-0.2,-0.154,-0.07,-0.041,-0.018,0.053,0.185,0.177,0.204,0.274
Joint 1: ,0.4,0.422,0.577,0.607,0.58,0.638,0.667,0.705,0.793,0.872
Joint 2: ,0.4,0.42,0.508,0.513,0.503,0.52,0.422,0.406,0.385,0.333
Joint 3: ,0.9,0.947,0.85,0.88,0.975,0.964,0.994,1.047,1.013,0.962
Joint 4: ,0.9,0.887,0.96,0.955,0.892,0.913,0.96,0.944,0.87,0.891
Joint 5: ,0.9,0.94,0.83,0.838,0.903,0.877,0.866,0.883,0.841,0.763
Joint 6: ,0.0,0.016,0.094,0.094,0.157,0.173,-0.252,-0.252,-0.237,-0.284
Trial,10,Sim Type,5,Distance Weight,0.9,Random Seed,150,Min Iterations,2500,Distance cost,6.392776060309135,Manip Cost,2.190770790558647,Total cost,5.972575533334086,Object Reduction,0.02,Contact Sample Chance,0.0,Parent finding radius R,0.075,Step Size,0.05,Goal Area Sample Probability,0.1,Goal Area Delta,0.15
Closest Taxel Manip,1.0,1.0,1e-20,1e-20,1e-20,1e-20,1e-20,1e-20,4.35671244e-11,1e-20
Distance to Last Node,0.0,0.05,0.05,0.05,0.068,0.062,0.07,0.05,0.05,0.029
Total Cost,0.0,0.6,1.2,1.82466,2.66554,3.44373,4.31791,4.95009,5.58335,5.97258
Local Manip Cost,0.0,0.0,0.0,0.24662549699943798,0.27238407916580293,0.2883329314464149,0.34391559412330386,0.32178144118860297,0.33264573869707953,0.3850855089380048
Joint 0: ,-0.2,-0.143,-0.106,-0.112,-0.022,0.004,0.057,0.129,0.195,0.234
Joint 1: ,0.4,0.46,0.484,0.539,0.601,0.667,0.751,0.811,0.872,0.913
Joint 2: ,0.4,0.42,0.435,0.419,0.375,0.368,0.363,0.386,0.401,0.409
Joint 3: ,0.9,0.911,0.969,0.993,1.028,1.065,1.103,1.024,0.993,0.967
Joint 4: ,0.9,0.903,0.893,0.884,0.897,0.853,0.902,0.949,0.977,0.993
Joint 5: ,0.9,0.888,0.918,0.915,0.913,0.919,0.904,0.838,0.805,0.77
Joint 6: ,0.0,0.031,0.031,0.031,0.173,0.126,0.298,0.346,0.361,0.377
Trial,11,Sim Type,5,Distance Weight,0.9,Random Seed,165,Min Iterations,2500,Distance cost,6.194094621198849,Manip Cost,2.468181218751907,Total cost,5.821503280954155,Object Reduction,0.02,Contact Sample Chance,0.0,Parent finding radius R,0.075,Step Size,0.05,Goal Area Sample Probability,0.1,Goal Area Delta,0.15
Closest Taxel Manip,1.0,2.40027878e-11,1e-20,1e-20,2.741619689e-11,3.9641337e-11,1e-20,1e-20,4.281995125e-11,4.454099672e-11
Distance to Last Node,0.0,0.05,0.074,0.05,0.05,0.05,0.05,0.05,0.05,0.04
Total Cost,0.0,0.6,1.51715,2.14361,2.77235,3.40191,4.03482,4.6704,5.30217,5.8215
Local Manip Cost,0.0,0.0,0.24622787778977748,0.2645795824953377,0.28736547338080304,0.29561559691088124,0.32904708490600787,0.35585617559513444,0.3177262412675189,0.3717631864064467
Joint 0: ,-0.2,-0.121,-0.068,-0.036,0.001,0.029,0.07,0.121,0.185,0.234
Joint 1: ,0.4,0.484,0.528,0.605,0.612,0.647,0.671,0.754,0.846,0.92
Joint 2: ,0.4,0.426,0.443,0.441,0.457,0.459,0.473,0.452,0.417,0.417
Joint 3: ,0.9,0.859,0.936,0.932,0.994,1.041,1.093,1.068,0.994,0.938
Joint 4: ,0.9,0.963,0.945,0.946,0.914,0.885,0.875,0.882,0.9,0.927
Joint 5: ,0.9,0.837,0.879,0.854,0.886,0.933,0.953,0.915,0.849,0.798
Joint 6: ,0.0,0.063,0.11,0.11,0.141,0.157,0.157,0.157,0.204,0.204
Trial,12,Sim Type,5,Distance Weight,0.9,Random Seed,180,Min Iterations,2500,Distance cost,6.263291572643205,Manip Cost,1.9439010390902824,Total cost,5.831352519287913,Object Reduction,0.02,Contact Sample Chance,0.0,Parent finding radius R,0.075,Step Size,0.05,Goal Area Sample Probability,0.1,Goal Area Delta,0.15
Closest Taxel Manip,1.0,1.0,1.0,1e-20,1e-20,1e-20,1e-20,1e-20,4.304951307e-11,1e-20
Distance to Last Node,0.0,0.05,0.05,0.063,0.05,0.05,0.066,0.05,0.045,0.045
Total Cost,0.0,0.6,1.2,1.95387,2.58124,3.20903,4.0382,4.67633,5.25148,5.83135
Local Manip Cost,0.0,0.0,0.0,0.0,0.2737830820989221,0.27785163465116736,0.3175364258700921,0.38127372629850015,0.3091755358542701,0.38428063431733067
Joint 0: ,-0.2,-0.172,-0.116,-0.01,0.022,0.072,0.124,0.185,0.218,0.238
Joint 1: ,0.4,0.423,0.454,0.56,0.577,0.635,0.699,0.782,0.86,0.921
Joint 2: ,0.4,0.403,0.428,0.459,0.469,0.479,0.406,0.414,0.409,0.402
Joint 3: ,0.9,0.963,0.995,0.898,0.961,0.976,1.011,0.97,0.938,0.939
Joint 4: ,0.9,0.869,0.869,0.963,0.931,0.931,0.942,0.955,0.961,0.96
Joint 5: ,0.9,0.947,0.955,0.862,0.897,0.887,0.911,0.865,0.825,0.809
Joint 6: ,0.0,0.031,0.031,0.126,0.157,0.157,0.267,0.267,0.267,0.267
Trial,13,Sim Type,5,Distance Weight,0.9,Random Seed,195,Min Iterations,2500,Distance cost,5.850642387340983,Manip Cost,2.1870941210207917,Total cost,5.484287560708964,Object Reduction,0.02,Contact Sample Chance,0.0,Parent finding radius R,0.075,Step Size,0.05,Goal Area Sample Probability,0.1,Goal Area Delta,0.15
Closest Taxel Manip,1.0,1.0,1e-20,1e-20,1e-20,1e-20,1e-20,1e-20,4.360936221e-11,1e-20
Distance to Last Node,0.0,0.05,0.05,0.05,0.05,0.05,0.05,0.05,0.067,0.021
Total Cost,0.0,0.6,1.2,1.82504,2.45071,3.07802,3.7115,4.34848,5.18874,5.48429
Local Manip Cost,0.0,0.0,0.0,0.2504245230151909,0.256630132167522,0.2731419191001178,0.33477038837297246,0.3698182547279231,0.3121341719598457,0.39017473167721994
Joint 0: ,-0.2,-0.16,-0.132,-0.097,-0.043,0.015,0.051,0.117,0.201,0.228
Joint 1: ,0.4,0.448,0.494,0.504,0.573,0.652,0.683,0.777,0.875,0.915
Joint 2: ,0.4,0.413,0.418,0.434,0.447,0.458,0.465,0.448,0.445,0.436
Joint 3: ,0.9,0.938,0.984,1.047,1.053,1.034,1.081,1.025,0.987,0.955
Joint 4: ,0.9,0.895,0.886,0.855,0.857,0.864,0.846,0.893,0.896,0.912
Joint 5: ,0.9,0.907,0.92,0.965,0.947,0.913,0.952,0.894,0.79,0.763
Joint 6: ,0.0,-0.0,-0.0,0.031,0.031,0.031,0.047,0.094,0.094,0.094
Trial,14,Sim Type,5,Distance Weight,0.9,Random Seed,210,Min Iterations,2500,Distance cost,6.306799588639734,Manip Cost,2.223440100978393,Total cost,5.898463639873601,Object Reduction,0.02,Contact Sample Chance,0.0,Parent finding radius R,0.075,Step Size,0.05,Goal Area Sample Probability,0.1,Goal Area Delta,0.15
Closest Taxel Manip,1.0,1.0,2.48557676e-11,1e-20,1e-20,1e-20,5.748660439e-11,1e-20,1e-20,1e-20
Distance to Last Node,0.0,0.05,0.05,0.05,0.05,0.05,0.05,0.074,0.05,0.049
Total Cost,0.0,0.6,1.2,1.82597,2.45338,3.08231,3.71487,4.64534,5.2796,5.89846
Local Manip Cost,0.0,0.0,0.0,0.2596858996139293,0.274069810667725,0.2893259933485238,0.32560170736518634,0.39175633287241934,0.3425948048705002,0.34040555224010866
Joint 0: ,-0.2,-0.135,-0.071,0.014,0.045,0.079,0.094,0.134,0.182,0.233
Joint 1: ,0.4,0.444,0.511,0.567,0.604,0.643,0.702,0.76,0.823,0.905
Joint 2: ,0.4,0.427,0.447,0.478,0.482,0.487,0.478,0.454,0.434,0.426
Joint 3: ,0.9,0.913,0.91,0.838,0.886,0.929,0.951,1.008,1.01,0.968
Joint 4: ,0.9,0.916,0.921,0.984,0.975,0.967,0.961,0.904,0.904,0.913
Joint 5: ,0.9,0.894,0.858,0.783,0.799,0.811,0.805,0.828,0.778,0.737
Joint 6: ,0.0,0.016,0.031,0.094,0.094,0.094,0.094,0.157,0.157,0.157
Trial,15,Sim Type,5,Distance Weight,0.9,Random Seed,225,Min Iterations,2500,Distance cost,6.212097747151159,Manip Cost,1.9162563346291257,Total cost,5.782513605898956,Object Reduction,0.02,Contact Sample Chance,0.0,Parent finding radius R,0.075,Step Size,0.05,Goal Area Sample Probability,0.1,Goal Area Delta,0.15
Closest Taxel Manip,1.0,1.0,1.0,1e-20,1e-20,3.977407441e-11,1e-20,4.121387398e-11,1e-20,1e-20
Distance to Last Node,0.0,0.074,0.05,0.05,0.05,0.05,0.05,0.045,0.05,0.048
Total Cost,0.0,0.88253,1.48253,2.08253,2.71036,3.33858,3.97126,4.54482,5.17544,5.78251
Local Manip Cost,0.0,0.0,0.0,0.0,0.2782700502148722,0.28216292945595833,0.32682142821142796,0.38762156260228675,0.3061736720902249,0.33520669205435577
Joint 0: ,-0.2,-0.162,-0.101,-0.016,0.039,0.062,0.103,0.137,0.181,0.24
Joint 1: ,0.4,0.372,0.455,0.549,0.605,0.653,0.731,0.777,0.828,0.901
Joint 2: ,0.4,0.365,0.386,0.328,0.346,0.348,0.352,0.357,0.366,0.376
Joint 3: ,0.9,1.054,1.04,0.96,0.965,1.004,0.989,1.009,1.023,0.981
Joint 4: ,0.9,0.869,0.891,0.919,0.951,0.943,0.947,0.944,0.943,0.974
Joint 5: ,0.9,1.002,0.956,0.862,0.848,0.857,0.825,0.824,0.819,0.78
Joint 6: ,0.0,0.094,0.126,0.188,0.22,0.22,0.22,0.22,0.22,0.251
Trial,16,Sim Type,5,Distance Weight,0.9,Random Seed,240,Min Iterations,2500,Distance cost,6.244271995340071,Manip Cost,1.5642432249907503,Total cost,5.776269118305139,Object Reduction,0.02,Contact Sample Chance,0.0,Parent finding radius R,0.075,Step Size,0.05,Goal Area Sample Probability,0.1,Goal Area Delta,0.15
Closest Taxel Manip,1.0,1.0,1.0,1.0,1e-20,1e-20,1e-20,1e-20,1e-20,1e-20
Distance to Last Node,0.0,0.05,0.065,0.05,0.05,0.069,0.048,0.05,0.063,0.024
Total Cost,0.0,0.6,1.37503,1.97503,2.57503,3.42517,4.02607,4.65935,5.45139,5.77627
Local Manip Cost,0.0,0.0,0.0,0.0,0.0,0.24905264975677355,0.28056308916091977,0.33281563082979937,0.32406530007928774,0.37774655516396977
Joint 0: ,-0.2,-0.18,-0.09,-0.055,0.002,0.115,0.163,0.215,0.233,0.244
Joint 1: ,0.4,0.345,0.329,0.399,0.492,0.6,0.662,0.741,0.872,0.906
Joint 2: ,0.4,0.42,0.334,0.344,0.363,0.348,0.363,0.373,0.41,0.407
Joint 3: ,0.9,0.987,1.115,1.139,1.102,1.04,1.042,1.013,0.945,0.943
Joint 4: ,0.9,0.848,0.788,0.786,0.799,0.872,0.886,0.894,0.867,0.867
Joint 5: ,0.9,0.969,0.992,0.951,0.907,0.85,0.811,0.778,0.776,0.766
Joint 6: ,0.0,0.018,0.159,0.159,0.159,0.254,0.285,0.285,-0.092,-0.092
Trial,17,Sim Type,5,Distance Weight,0.9,Random Seed,255,Min Iterations,2500,Distance cost,6.355865782324959,Manip Cost,0.8834956494791164,Total cost,5.808628769040375,Object Reduction,0.02,Contact Sample Chance,0.0,Parent finding radius R,0.075,Step Size,0.05,Goal Area Sample Probability,0.1,Goal Area Delta,0.15
Closest Taxel Manip,1.0,1.0,1.0,1.0,1.0,1.0,1e-20,3.987355763e-11,4.085492887e-11,1e-20
Distance to Last Node,0.0,0.05,0.05,0.05,0.05,0.036,0.05,0.05,0.068,0.072
Total Cost,0.0,0.6,1.2,1.8,2.4,2.8347,3.4347,4.06224,4.9175,5.80863
Local Manip Cost,0.0,0.0,0.0,0.0,0.0,0.0,0.0,0.27542035778663554,0.33319822721582537,0.27487706447665544
Joint 0: ,-0.2,-0.163,-0.123,-0.07,-0.026,0.01,0.067,0.115,0.288,0.242
Joint 1: ,0.4,0.319,0.312,0.328,0.403,0.472,0.568,0.657,0.719,0.919
Joint 2: ,0.4,0.306,0.332,0.366,0.381,0.375,0.388,0.393,0.233,0.404
Joint 3: ,0.9,1.026,1.088,1.135,1.151,1.133,1.095,1.067,1.051,0.936
Joint 4: ,0.9,0.806,0.789,0.786,0.787,0.795,0.827,0.835,0.908,0.957
Joint 5: ,0.9,1.002,1.063,1.083,1.063,1.032,0.982,0.94,0.784,0.758
Joint 6: ,0.0,0.094,0.126,0.126,0.126,0.126,0.126,0.126,0.424,0.22
Trial,18,Sim Type,5,Distance Weight,0.9,Random Seed,270,Min Iterations,2500,Distance cost,6.197852868684281,Manip Cost,1.944590157908081,Total cost,5.772526597606661,Object Reduction,0.02,Contact Sample Chance,0.0,Parent finding radius R,0.075,Step Size,0.05,Goal Area Sample Probability,0.1,Goal Area Delta,0.15
Closest Taxel Manip,1.0,1.0,1.0,1e-20,1e-20,1e-20,5.769278896e-11,1e-20,1e-20,1e-20
Distance to Last Node,0.0,0.05,0.05,0.048,0.075,0.05,0.05,0.05,0.05,0.043
Total Cost,0.0,0.6,1.2,1.77301,2.6927,3.32269,3.95645,4.59705,5.22864,5.77253
Local Manip Cost,0.0,0.0,0.0,0.0,0.2480622074260048,0.29987666823768927,0.33762306396065306,0.40596672898505737,0.3158443432835124,0.33721714601516434
Joint 0: ,-0.2,-0.158,-0.126,-0.07,0.004,0.065,0.114,0.151,0.175,0.221
Joint 1: ,0.4,0.458,0.436,0.487,0.617,0.654,0.714,0.76,0.841,0.923
Joint 2: ,0.4,0.413,0.388,0.409,0.46,0.484,0.491,0.494,0.472,0.446
Joint 3: ,0.9,0.925,1.019,1.034,1.003,1.013,1.025,1.061,1.035,0.952
Joint 4: ,0.9,0.898,0.835,0.866,0.892,0.923,0.922,0.915,0.919,0.936
Joint 5: ,0.9,0.897,0.967,0.96,0.894,0.887,0.876,0.88,0.843,0.777
Joint 6: ,0.0,-0.0,0.063,0.094,0.016,0.047,0.047,0.047,0.047,0.079
Trial,19,Sim Type,5,Distance Weight,0.9,Random Seed,285,Min Iterations,2500,Distance cost,6.312851708364998,Manip Cost,1.5080456904162167,Total cost,5.83237110657012,Object Reduction,0.02,Contact Sample Chance,0.0,Parent finding radius R,0.075,Step Size,0.05,Goal Area Sample Probability,0.1,Goal Area Delta,0.15
Closest Taxel Manip,1.0,1.0,1.0,1.0,1e-20,1e-20,1e-20,1e-20,1e-20,4.418821164e-11
Distance to Last Node,0.0,0.05,0.05,0.05,0.05,0.05,0.074,0.05,0.05,0.05
Total Cost,0.0,0.6,1.2,1.8,2.4,3.02643,3.94151,4.57544,5.20664,5.83237
Local Manip Cost,0.0,0.0,0.0,0.0,0.0,0.26428271392690894,0.28520382986552073,0.33933299768686254,0.31197233585699846,0.30725381307992616
Joint 0: ,-0.2,-0.147,-0.072,-0.04,-0.001,0.048,0.073,0.14,0.188,0.24
Joint 1: ,0.4,0.445,0.48,0.472,0.532,0.594,0.656,0.734,0.814,0.907
Joint 2: ,0.4,0.421,0.453,0.472,0.478,0.486,0.481,0.447,0.449,0.408
Joint 3: ,0.9,0.929,0.903,0.979,1.006,1.022,1.095,1.068,1.049,0.958
Joint 4: ,0.9,0.898,0.946,0.921,0.916,0.915,0.866,0.9,0.905,0.924
Joint 5: ,0.9,0.903,0.876,0.923,0.918,0.907,0.943,0.864,0.833,0.761
Joint 6: ,0.0,-0.0,0.047,0.063,0.063,0.063,0.11,0.126,0.126,0.173
Trial,20,Sim Type,5,Distance Weight,0.9,Random Seed,300,Min Iterations,2500,Distance cost,6.029306121128603,Manip Cost,2.0715570424359324,Total cost,5.633531213259336,Object Reduction,0.02,Contact Sample Chance,0.0,Parent finding radius R,0.075,Step Size,0.05,Goal Area Sample Probability,0.1,Goal Area Delta,0.15
Closest Taxel Manip,1.0,1.0,1.0,1e-20,3.671916155e-11,1e-20,1e-20,1e-20,4.450182457e-11,1e-20
Distance to Last Node,0.0,0.05,0.05,0.05,0.05,0.05,0.061,0.05,0.049,0.042
Total Cost,0.0,0.6,1.2,1.8,2.42702,3.05504,3.81302,4.45279,5.07908,5.63353
Local Manip Cost,0.0,0.0,0.0,0.0,0.2702049592607074,0.28018940612686594,0.3080491676959952,0.3976907728489385,0.35983550338257914,0.4555872331208461
Joint 0: ,-0.2,-0.162,-0.126,-0.086,-0.056,0.012,0.084,0.146,0.184,0.218
Joint 1: ,0.4,0.412,0.473,0.524,0.55,0.627,0.747,0.83,0.905,0.923
Joint 2: ,0.4,0.419,0.426,0.437,0.421,0.441,0.437,0.444,0.44,0.449
Joint 3: ,0.9,0.963,0.99,1.026,1.089,1.06,0.986,0.941,0.922,0.957
Joint 4: ,0.9,0.869,0.865,0.859,0.828,0.875,0.929,0.95,0.953,0.948
Joint 5: ,0.9,0.942,0.938,0.943,0.978,0.914,0.84,0.788,0.758,0.772
Joint 6: ,0.0,0.031,0.031,0.031,0.063,0.11,0.188,0.188,0.188,0.188
Trial,21,Sim Type,5,Distance Weight,0.9,Random Seed,315,Min Iterations,2500,Distance cost,5.959479825114146,Manip Cost,2.029998772503652,Total cost,5.566531719853097,Object Reduction,0.02,Contact Sample Chance,0.0,Parent finding radius R,0.075,Step Size,0.05,Goal Area Sample Probability,0.1,Goal Area Delta,0.15
Closest Taxel Manip,1.0,1e-20,1e-20,1e-20,1e-20,1e-20,4.076882581e-11,4.121833899e-11,4.297644929e-11
Distance to Last Node,0.0,0.05,0.05,0.05,0.073,0.074,0.05,0.05,0.05
Total Cost,0.0,0.6,1.22467,1.85198,2.75987,3.67189,4.30347,4.93536,5.56653
Local Manip Cost,0.0,0.0,0.24669145377687793,0.2730660855772155,0.2816194887379166,0.2821639796598156,0.3158445153399311,0.31890967974661366,0.31170356966528173
Joint 0: ,-0.2,-0.118,-0.073,-0.04,0.028,0.099,0.139,0.202,0.265
Joint 1: ,0.4,0.484,0.551,0.583,0.594,0.64,0.711,0.79,0.868
Joint 2: ,0.4,0.427,0.435,0.442,0.369,0.379,0.382,0.331,0.331
Joint 3: ,0.9,0.851,0.857,0.904,0.998,1.057,1.061,1.015,0.971
Joint 4: ,0.9,0.963,0.964,0.948,0.863,0.866,0.867,0.869,0.917
Joint 5: ,0.9,0.837,0.821,0.857,0.912,0.933,0.915,0.836,0.765
Joint 6: ,0.0,0.063,0.079,0.094,0.189,0.251,0.251,0.267,0.314
Trial,22,Sim Type,5,Distance Weight,0.9,Random Seed,330,Min Iterations,2500,Distance cost,6.412109435240296,Manip Cost,2.0552139982148563,Total cost,5.976419891537752,Object Reduction,0.02,Contact Sample Chance,0.0,Parent finding radius R,0.075,Step Size,0.05,Goal Area Sample Probability,0.1,Goal Area Delta,0.15
Closest Taxel Manip,1.0,1.0,1.0,1.0,2.50256403e-11,1e-20,4.072602303e-11,1e-20,1e-20,1e-20,1e-20
Distance to Last Node,0.0,0.05,0.05,0.05,0.05,0.05,0.065,0.05,0.036,0.06,0.02
Total Cost,0.0,0.6,1.2,1.8,2.4,3.02605,3.83436,4.4742,4.94481,5.69778,5.97642
Local Manip Cost,0.0,0.0,0.0,0.0,0.0,0.2604976041467154,0.2781066196992424,0.3984133937746174,0.3431891836780859,0.35214429996665136,0.4228628969495437
Joint 0: ,-0.2,-0.168,-0.09,-0.043,-0.027,-0.01,0.076,0.132,0.172,0.208,0.215
Joint 1: ,0.4,0.364,0.421,0.45,0.516,0.587,0.708,0.785,0.834,0.901,0.92
Joint 2: ,0.4,0.425,0.461,0.48,0.473,0.464,0.453,0.459,0.463,0.458,0.456
Joint 3: ,0.9,0.972,0.963,1.01,1.03,1.039,0.976,0.95,0.937,0.959,0.973
Joint 4: ,0.9,0.884,0.931,0.922,0.916,0.913,0.964,0.971,0.975,0.97,0.967
Joint 5: ,0.9,0.954,0.884,0.906,0.893,0.875,0.809,0.775,0.755,0.748,0.75
Joint 6: ,0.0,0.016,0.063,0.079,0.094,0.094,0.157,0.157,0.157,0.188,0.188
Trial,23,Sim Type,5,Distance Weight,0.9,Random Seed,345,Min Iterations,2500,Distance cost,6.248508066311041,Manip Cost,0.920073419009737,Total cost,5.715664601580912,Object Reduction,0.02,Contact Sample Chance,0.0,Parent finding radius R,0.075,Step Size,0.05,Goal Area Sample Probability,0.1,Goal Area Delta,0.15
Closest Taxel Manip,1.0,1.0,1.0,1.0,1.0,1e-20,1e-20,1e-20,4.429443056e-11
Distance to Last Node,0.0,0.05,0.05,0.05,0.073,0.071,0.05,0.075,0.05
Total Cost,0.0,0.6,1.2,1.8,2.67567,3.5237,4.15178,5.08284,5.71566
Local Manip Cost,0.0,0.0,0.0,0.0,0.0,0.0,0.2807703210117575,0.31100821518048555,0.3282948828174941
Joint 0: ,-0.2,-0.186,-0.116,-0.075,-0.004,0.052,0.103,0.156,0.222
Joint 1: ,0.4,0.344,0.402,0.453,0.481,0.593,0.678,0.827,0.906
Joint 2: ,0.4,0.336,0.37,0.385,0.422,0.425,0.43,0.417,0.427
Joint 3: ,0.9,1.023,1.011,1.047,1.118,1.132,1.111,1.038,0.989
Joint 4: ,0.9,0.829,0.845,0.841,0.833,0.87,0.876,0.959,1.006
Joint 5: ,0.9,0.994,0.97,0.975,1.0,0.95,0.914,0.819,0.742
Joint 6: ,0.0,0.063,0.079,0.079,0.079,0.126,0.126,0.189,0.236
Trial,24,Sim Type,5,Distance Weight,0.9,Random Seed,360,Min Iterations,2500,Distance cost,6.776785595377844,Manip Cost,1.678179046574538,Total cost,6.266924940497514,Object Reduction,0.02,Contact Sample Chance,0.0,Parent finding radius R,0.075,Step Size,0.05,Goal Area Sample Probability,0.1,Goal Area Delta,0.15
Closest Taxel Manip,1.0,1.0,1.0,1e-20,1.0,1e-20,4.099577322e-11,4.116795686e-11,1e-20,1e-20
Distance to Last Node,0.0,0.05,0.05,0.05,0.05,0.069,0.066,0.04,0.067,0.066
Total Cost,0.0,0.6,1.2,1.8,2.42493,3.25049,4.0709,4.59239,5.44058,6.26692
Local Manip Cost,0.0,0.0,0.0,0.0,0.24928271996991963,0.0,0.28244588782570734,0.42500630131336575,0.390916891393776,0.33052724607176925
Joint 0: ,-0.2,-0.181,-0.114,-0.064,-0.03,0.012,0.074,0.128,0.169,0.247
Joint 1: ,0.4,0.349,0.415,0.494,0.474,0.605,0.733,0.76,0.812,0.904
Joint 2: ,0.4,0.402,0.43,0.394,0.36,0.357,0.361,0.381,0.389,0.399
Joint 3: ,0.9,1.006,1.004,0.988,1.082,1.037,0.969,0.939,0.993,0.95
Joint 4: ,0.9,0.853,0.869,0.884,0.821,0.853,0.89,0.921,0.918,0.89
Joint 5: ,0.9,0.979,0.957,0.878,0.942,0.881,0.811,0.789,0.815,0.763
Joint 6: ,0.0,0.047,0.063,0.079,0.141,0.189,0.236,0.267,0.298,0.297
Trial,25,Sim Type,5,Distance Weight,0.9,Random Seed,375,Min Iterations,2500,Distance cost,6.488336450194289,Manip Cost,2.4149810135207277,Total cost,6.081000906526933,Object Reduction,0.02,Contact Sample Chance,0.0,Parent finding radius R,0.075,Step Size,0.05,Goal Area Sample Probability,0.1,Goal Area Delta,0.15
Closest Taxel Manip,1.0,1.0,3.756168982e-11,1e-20,1e-20,4.04666502e-11,1e-20,4.119478715e-11,1e-20,1e-20
Distance to Last Node,0.0,0.05,0.05,0.072,0.069,0.05,0.05,0.046,0.05,0.05
Total Cost,0.0,0.6,1.2,2.08842,2.95583,3.58841,4.22507,4.81444,5.44687,6.081
Local Manip Cost,0.0,0.0,0.0,0.280852628414484,0.3803115589980973,0.32573884418502735,0.3666627216778052,0.3957824044695923,0.32431506902233825,0.3413177867533836
Joint 0: ,-0.2,-0.158,-0.075,0.005,0.049,0.055,0.106,0.17,0.202,0.251
Joint 1: ,0.4,0.467,0.573,0.696,0.652,0.69,0.752,0.803,0.828,0.898
Joint 2: ,0.4,0.411,0.4,0.408,0.339,0.333,0.347,0.366,0.373,0.38
Joint 3: ,0.9,0.914,0.826,0.778,0.917,0.971,0.971,0.927,0.974,0.956
Joint 4: ,0.9,0.9,0.963,1.017,0.918,0.906,0.921,0.936,0.922,0.927
Joint 5: ,0.9,0.888,0.805,0.74,0.835,0.854,0.81,0.775,0.812,0.765
Joint 6: ,0.0,0.016,0.079,0.141,0.236,0.236,0.267,0.283,0.298,0.298
